"Datum";"Region";"PCR_Pos";"Ag_Neg";"Ag_Pos";"Total";"Pocet.potvrdenych";"Potvrdenych";"newcases";"date";"positive"
2021-01-20;"Banskobystrický kraj";231;7151;151;7303;21111;37363;382;2021-01-20;37363
2021-01-19;"Banskobystrický kraj";213;8841;268;9109;NA;37363;481;2021-01-19;36981
2021-01-18;"Banskobystrický kraj";94;5943;296;6256;NA;37363;390;2021-01-18;36500
2021-01-17;"Banskobystrický kraj";110;7638;67;7705;NA;37363;177;2021-01-17;36110
2021-01-16;"Banskobystrický kraj";58;1873;56;1928;NA;37363;114;2021-01-16;35933
2021-01-15;"Banskobystrický kraj";164;6233;202;6435;NA;37363;366;2021-01-15;35819
2021-01-14;"Banskobystrický kraj";220;5466;317;5784;NA;37363;537;2021-01-14;35453
2021-01-13;"Banskobystrický kraj";235;5624;194;5818;NA;37363;429;2021-01-13;34916
2021-01-12;"Banskobystrický kraj";194;6256;425;6679;NA;37363;619;2021-01-12;34487
2021-01-11;"Banskobystrický kraj";76;6992;409;7405;NA;37363;485;2021-01-11;33868
2021-01-10;"Banskobystrický kraj";110;66;1;67;NA;37363;111;2021-01-10;33383
2021-01-09;"Banskobystrický kraj";297;2726;105;2831;NA;37363;402;2021-01-09;33272
2021-01-08;"Banskobystrický kraj";435;8110;387;8497;NA;37363;822;2021-01-08;32870
2021-01-07;"Banskobystrický kraj";127;4034;262;4296;NA;37363;389;2021-01-07;32048
2021-01-06;"Banskobystrický kraj";305;3335;205;3540;NA;37363;510;2021-01-06;31659
2021-01-05;"Banskobystrický kraj";372;6464;494;6961;NA;37363;866;2021-01-05;31149
2021-01-04;"Banskobystrický kraj";130;5668;565;6235;NA;37363;695;2021-01-04;30283
2021-01-03;"Banskobystrický kraj";199;174;13;187;NA;37363;212;2021-01-03;29588
2021-01-02;"Banskobystrický kraj";123;571;83;654;NA;37363;206;2021-01-02;29376
2021-01-01;"Banskobystrický kraj";220;2015;135;2150;NA;37363;355;2021-01-01;29170
2020-12-31;"Banskobystrický kraj";499;6796;724;7520;NA;37363;1223;2020-12-31;28815
2020-12-30;"Banskobystrický kraj";593;7101;536;7637;NA;37363;1129;2020-12-30;27592
2020-12-29;"Banskobystrický kraj";240;7590;738;8328;NA;37363;978;2020-12-29;26463
2020-12-28;"Banskobystrický kraj";131;5575;674;6249;NA;37363;805;2020-12-28;25485
2020-12-27;"Banskobystrický kraj";116;496;25;521;NA;37363;141;2020-12-27;24680
2020-12-26;"Banskobystrický kraj";61;259;32;291;NA;37363;93;2020-12-26;24539
2020-12-25;"Banskobystrický kraj";65;229;6;235;NA;37363;71;2020-12-25;24446
2020-12-24;"Banskobystrický kraj";452;3674;135;3809;NA;37363;587;2020-12-24;24375
2020-12-23;"Banskobystrický kraj";368;9388;470;9858;NA;37363;838;2020-12-23;23788
2020-12-22;"Banskobystrický kraj";307;8300;624;8927;NA;37363;931;2020-12-22;22950
2020-12-21;"Banskobystrický kraj";286;4898;448;5351;NA;37363;734;2020-12-21;22019
2020-12-20;"Banskobystrický kraj";155;99;14;109;NA;37363;169;2020-12-20;21285
2020-12-19;"Banskobystrický kraj";170;2488;565;3053;NA;37363;735;2020-12-19;21116
2020-12-18;"Banskobystrický kraj";432;6454;414;6871;NA;37363;846;2020-12-18;20381
2020-12-17;"Banskobystrický kraj";468;8474;772;9248;NA;37363;1240;2020-12-17;19535
2020-12-16;"Banskobystrický kraj";379;10080;557;10649;NA;37363;936;2020-12-16;18295
2020-12-15;"Banskobystrický kraj";336;5318;430;5767;NA;37363;766;2020-12-15;17359
2020-12-14;"Banskobystrický kraj";148;3733;259;4011;NA;37363;407;2020-12-14;16593
2020-12-13;"Banskobystrický kraj";122;19;1;20;NA;37363;123;2020-12-13;16186
2020-12-12;"Banskobystrický kraj";137;2594;138;2732;NA;37363;275;2020-12-12;16063
2020-12-11;"Banskobystrický kraj";468;6443;374;6834;NA;37363;842;2020-12-11;15788
2020-12-10;"Banskobystrický kraj";280;5027;351;5395;NA;37363;631;2020-12-10;14946
2020-12-09;"Banskobystrický kraj";323;3707;212;3931;NA;37363;535;2020-12-09;14315
2020-12-08;"Banskobystrický kraj";256;3667;276;3956;NA;37363;532;2020-12-08;13780
2020-12-07;"Banskobystrický kraj";175;2006;140;2146;NA;37363;315;2020-12-07;13248
2020-12-06;"Banskobystrický kraj";121;359;9;368;NA;37363;130;2020-12-06;12933
2020-12-05;"Banskobystrický kraj";109;952;33;985;NA;37363;142;2020-12-05;12803
2020-12-04;"Banskobystrický kraj";339;3723;174;3897;NA;37363;513;2020-12-04;12661
2020-12-03;"Banskobystrický kraj";240;2913;227;3140;NA;37363;467;2020-12-03;12148
2020-12-02;"Banskobystrický kraj";217;4292;186;4478;NA;37363;403;2020-12-02;11681
2020-12-01;"Banskobystrický kraj";215;2820;135;2955;NA;37363;350;2020-12-01;11278
2020-11-30;"Banskobystrický kraj";75;3761;226;3987;NA;37363;301;2020-11-30;10928
2020-11-29;"Banskobystrický kraj";19;80;3;83;NA;37363;22;2020-11-29;10627
2020-11-28;"Banskobystrický kraj";81;1279;48;1327;NA;37363;129;2020-11-28;10605
2020-11-27;"Banskobystrický kraj";219;1930;120;2050;NA;37363;339;2020-11-27;10476
2020-11-26;"Banskobystrický kraj";209;1855;91;1946;NA;37363;300;2020-11-26;10137
2020-11-25;"Banskobystrický kraj";170;1760;84;1844;NA;37363;254;2020-11-25;9837
2020-11-24;"Banskobystrický kraj";166;2262;67;2329;NA;37363;233;2020-11-24;9583
2020-11-23;"Banskobystrický kraj";66;9948;191;10139;NA;37363;257;2020-11-23;9350
2020-11-22;"Banskobystrický kraj";38;72;1;73;NA;37363;39;2020-11-22;9093
2020-11-21;"Banskobystrický kraj";52;885;14;899;NA;37363;66;2020-11-21;9054
2020-11-20;"Banskobystrický kraj";127;1872;105;1977;NA;37363;232;2020-11-20;8988
2020-11-19;"Banskobystrický kraj";170;1112;82;1194;NA;37363;252;2020-11-19;8756
2020-11-18;"Banskobystrický kraj";153;587;62;649;NA;37363;215;2020-11-18;8504
2020-11-17;"Banskobystrický kraj";52;578;35;613;NA;37363;87;2020-11-17;8289
2020-11-16;"Banskobystrický kraj";106;351;22;373;NA;37363;128;2020-11-16;8202
2020-11-15;"Banskobystrický kraj";52;64;2;66;NA;37363;54;2020-11-15;8074
2020-11-14;"Banskobystrický kraj";73;305;2;307;NA;37363;75;2020-11-14;8020
2020-11-13;"Banskobystrický kraj";157;552;11;563;NA;37363;168;2020-11-13;7945
2020-11-12;"Banskobystrický kraj";218;952;44;996;NA;37363;262;2020-11-12;7777
2020-11-11;"Banskobystrický kraj";224;437;9;446;NA;37363;233;2020-11-11;7515
2020-11-10;"Banskobystrický kraj";263;463;18;481;NA;37363;281;2020-11-10;7282
2020-11-09;"Banskobystrický kraj";80;2678;31;2709;NA;37363;111;2020-11-09;7001
2020-11-08;"Banskobystrický kraj";82;783;16;799;NA;37363;98;2020-11-08;6890
2020-11-07;"Banskobystrický kraj";164;8828;94;8924;NA;37363;258;2020-11-07;6792
2020-11-06;"Banskobystrický kraj";227;2496;16;2512;NA;37363;243;2020-11-06;6534
2020-11-05;"Banskobystrický kraj";240;263;33;296;NA;37363;273;2020-11-05;6291
2020-11-04;"Banskobystrický kraj";254;1366;13;1379;NA;37363;267;2020-11-04;6018
2020-11-03;"Banskobystrický kraj";246;1332;4;1336;NA;37363;250;2020-11-03;5751
2020-11-02;"Banskobystrický kraj";90;2247;65;2312;NA;37363;155;2020-11-02;5501
2020-11-01;"Banskobystrický kraj";101;2671;42;2713;NA;37363;143;2020-11-01;5346
2020-10-31;"Banskobystrický kraj";198;13516;116;13632;NA;37363;314;2020-10-31;5203
2020-10-30;"Banskobystrický kraj";254;2829;20;2849;NA;37363;274;2020-10-30;4889
2020-10-29;"Banskobystrický kraj";372;969;42;1011;NA;37363;414;2020-10-29;4615
2020-10-28;"Banskobystrický kraj";285;302;30;332;NA;37363;315;2020-10-28;4201
2020-10-27;"Banskobystrický kraj";266;654;40;694;NA;37363;306;2020-10-27;3886
2020-10-26;"Banskobystrický kraj";38;232;29;261;NA;37363;67;2020-10-26;3580
2020-10-25;"Banskobystrický kraj";50;140;11;151;NA;37363;61;2020-10-25;3513
2020-10-24;"Banskobystrický kraj";315;114;12;126;NA;37363;327;2020-10-24;3452
2020-10-23;"Banskobystrický kraj";231;230;29;259;NA;37363;260;2020-10-23;3125
2020-10-22;"Banskobystrický kraj";264;253;24;277;NA;37363;288;2020-10-22;2865
2020-10-21;"Banskobystrický kraj";209;266;3;269;NA;37363;212;2020-10-21;2577
2020-10-20;"Banskobystrický kraj";210;66;3;69;NA;37363;213;2020-10-20;2365
2020-10-19;"Banskobystrický kraj";27;71;12;83;NA;37363;39;2020-10-19;2152
2020-10-18;"Banskobystrický kraj";49;0;0;0;NA;37363;49;2020-10-18;2113
2020-10-17;"Banskobystrický kraj";91;0;0;0;NA;37363;91;2020-10-17;2064
2020-10-16;"Banskobystrický kraj";224;37;3;40;NA;37363;227;2020-10-16;1973
2020-10-15;"Banskobystrický kraj";133;29;1;30;NA;37363;134;2020-10-15;1746
2020-10-14;"Banskobystrický kraj";139;31;1;32;NA;37363;140;2020-10-14;1612
2020-10-13;"Banskobystrický kraj";151;169;11;180;NA;37363;162;2020-10-13;1472
2020-10-12;"Banskobystrický kraj";11;13;0;13;NA;37363;11;2020-10-12;1310
2020-10-11;"Banskobystrický kraj";14;0;0;0;NA;37363;14;2020-10-11;1299
2020-10-10;"Banskobystrický kraj";53;0;0;0;NA;37363;53;2020-10-10;1285
2020-10-09;"Banskobystrický kraj";128;0;0;0;NA;37363;128;2020-10-09;1232
2020-10-08;"Banskobystrický kraj";99;0;0;0;NA;37363;99;2020-10-08;1104
2020-10-07;"Banskobystrický kraj";124;0;0;0;NA;37363;124;2020-10-07;1005
2020-10-06;"Banskobystrický kraj";68;0;0;0;NA;37363;68;2020-10-06;881
2020-10-05;"Banskobystrický kraj";49;0;0;0;NA;37363;49;2020-10-05;813
2020-10-04;"Banskobystrický kraj";8;0;0;0;NA;37363;8;2020-10-04;764
2020-10-03;"Banskobystrický kraj";37;0;0;0;NA;37363;37;2020-10-03;756
2020-10-02;"Banskobystrický kraj";74;0;0;0;NA;37363;74;2020-10-02;719
2020-10-01;"Banskobystrický kraj";49;0;0;0;NA;37363;49;2020-10-01;645
2020-09-30;"Banskobystrický kraj";60;0;0;0;NA;37363;60;2020-09-30;596
2020-09-29;"Banskobystrický kraj";24;0;0;0;NA;37363;24;2020-09-29;536
2020-09-27;"Banskobystrický kraj";20;0;0;0;NA;37363;20;2020-09-27;512
2020-09-26;"Banskobystrický kraj";24;0;0;0;NA;37363;24;2020-09-26;492
2020-09-25;"Banskobystrický kraj";29;0;0;0;NA;37363;29;2020-09-25;468
2020-09-24;"Banskobystrický kraj";25;0;0;0;NA;37363;25;2020-09-24;439
2020-09-23;"Banskobystrický kraj";17;0;0;0;NA;37363;17;2020-09-23;414
2020-09-22;"Banskobystrický kraj";25;0;0;0;NA;37363;25;2020-09-22;397
2020-09-21;"Banskobystrický kraj";3;0;0;0;NA;37363;3;2020-09-21;372
2020-09-19;"Banskobystrický kraj";3;0;0;0;NA;37363;3;2020-09-19;369
2020-09-18;"Banskobystrický kraj";24;0;0;0;NA;37363;24;2020-09-18;366
2020-09-17;"Banskobystrický kraj";14;0;0;0;NA;37363;14;2020-09-17;342
2020-09-16;"Banskobystrický kraj";6;0;0;0;NA;37363;6;2020-09-16;328
2020-09-15;"Banskobystrický kraj";2;0;0;0;NA;37363;2;2020-09-15;322
2020-09-14;"Banskobystrický kraj";13;0;0;0;NA;37363;13;2020-09-14;320
2020-09-13;"Banskobystrický kraj";1;0;0;0;NA;37363;1;2020-09-13;307
2020-09-12;"Banskobystrický kraj";5;0;0;0;NA;37363;5;2020-09-12;306
2020-09-11;"Banskobystrický kraj";19;0;0;0;NA;37363;19;2020-09-11;301
2020-09-10;"Banskobystrický kraj";11;0;0;0;NA;37363;11;2020-09-10;282
2020-09-09;"Banskobystrický kraj";13;0;0;0;NA;37363;13;2020-09-09;271
2020-09-08;"Banskobystrický kraj";5;0;0;0;NA;37363;5;2020-09-08;258
2020-09-07;"Banskobystrický kraj";2;0;0;0;NA;37363;2;2020-09-07;253
2020-09-04;"Banskobystrický kraj";9;0;0;0;NA;37363;9;2020-09-04;251
2020-09-03;"Banskobystrický kraj";5;0;0;0;NA;37363;5;2020-09-03;242
2021-01-20;"Bratislavský kraj";360;11565;352;11917;26737;44107;712;2021-01-20;44107
2021-01-19;"Bratislavský kraj";375;9222;250;9472;NA;44107;625;2021-01-19;43395
2021-01-18;"Bratislavský kraj";357;9439;592;10031;NA;44107;949;2021-01-18;42770
2021-01-17;"Bratislavský kraj";244;312;33;345;NA;44107;277;2021-01-17;41821
2021-01-16;"Bratislavský kraj";70;3579;136;3715;NA;44107;206;2021-01-16;41544
2021-01-15;"Bratislavský kraj";251;7668;244;7912;NA;44107;495;2021-01-15;41338
2021-01-14;"Bratislavský kraj";363;7343;269;7612;NA;44107;632;2021-01-14;40843
2021-01-13;"Bratislavský kraj";336;17813;522;18335;NA;44107;858;2021-01-13;40211
2021-01-12;"Bratislavský kraj";450;10570;496;11070;NA;44107;946;2021-01-12;39353
2021-01-11;"Bratislavský kraj";397;8251;277;8528;NA;44107;674;2021-01-11;38407
2021-01-10;"Bratislavský kraj";252;666;58;724;NA;44107;310;2021-01-10;37733
2021-01-09;"Bratislavský kraj";351;5727;333;6060;NA;44107;684;2021-01-09;37423
2021-01-08;"Bratislavský kraj";556;8916;456;9373;NA;44107;1012;2021-01-08;36739
2021-01-07;"Bratislavský kraj";537;5496;338;5834;NA;44107;875;2021-01-07;35727
2021-01-06;"Bratislavský kraj";271;4171;306;4477;NA;44107;577;2021-01-06;34852
2021-01-05;"Bratislavský kraj";619;10205;758;10963;NA;44107;1377;2021-01-05;34275
2021-01-04;"Bratislavský kraj";601;7105;637;7742;NA;44107;1238;2021-01-04;32898
2021-01-03;"Bratislavský kraj";77;518;77;595;NA;44107;154;2021-01-03;31660
2021-01-02;"Bratislavský kraj";185;462;35;497;NA;44107;220;2021-01-02;31506
2021-01-01;"Bratislavský kraj";235;3862;199;4061;NA;44107;434;2021-01-01;31286
2020-12-31;"Bratislavský kraj";925;12260;503;12763;NA;44107;1428;2020-12-31;30852
2020-12-30;"Bratislavský kraj";650;10259;634;10893;NA;44107;1284;2020-12-30;29424
2020-12-29;"Bratislavský kraj";303;9046;651;9697;NA;44107;954;2020-12-29;28140
2020-12-28;"Bratislavský kraj";255;7618;548;8166;NA;44107;803;2020-12-28;27186
2020-12-27;"Bratislavský kraj";160;549;67;616;NA;44107;227;2020-12-27;26383
2020-12-26;"Bratislavský kraj";75;416;23;439;NA;44107;98;2020-12-26;26156
2020-12-25;"Bratislavský kraj";114;460;38;498;NA;44107;152;2020-12-25;26058
2020-12-24;"Bratislavský kraj";536;5166;192;5358;NA;44107;728;2020-12-24;25906
2020-12-23;"Bratislavský kraj";416;12021;478;12499;NA;44107;894;2020-12-23;25178
2020-12-22;"Bratislavský kraj";327;14781;812;15593;NA;44107;1139;2020-12-22;24284
2020-12-21;"Bratislavský kraj";392;13571;1887;15458;NA;44107;2279;2020-12-21;23145
2020-12-20;"Bratislavský kraj";180;558;52;610;NA;44107;232;2020-12-20;20866
2020-12-19;"Bratislavský kraj";396;3150;129;3279;NA;44107;525;2020-12-19;20634
2020-12-18;"Bratislavský kraj";306;12512;507;13019;NA;44107;813;2020-12-18;20109
2020-12-17;"Bratislavský kraj";502;7711;313;8024;NA;44107;815;2020-12-17;19296
2020-12-16;"Bratislavský kraj";282;9804;435;10239;NA;44107;717;2020-12-16;18481
2020-12-15;"Bratislavský kraj";423;9770;447;10217;NA;44107;870;2020-12-15;17764
2020-12-14;"Bratislavský kraj";279;5906;265;6171;NA;44107;544;2020-12-14;16894
2020-12-13;"Bratislavský kraj";125;108;7;115;NA;44107;132;2020-12-13;16350
2020-12-12;"Bratislavský kraj";361;4113;169;4282;NA;44107;530;2020-12-12;16218
2020-12-11;"Bratislavský kraj";326;6652;290;6942;NA;44107;616;2020-12-11;15688
2020-12-10;"Bratislavský kraj";286;4848;217;5065;NA;44107;503;2020-12-10;15072
2020-12-09;"Bratislavský kraj";382;5249;207;5456;NA;44107;589;2020-12-09;14569
2020-12-08;"Bratislavský kraj";234;5427;197;5624;NA;44107;431;2020-12-08;13980
2020-12-07;"Bratislavský kraj";272;4535;172;4707;NA;44107;444;2020-12-07;13549
2020-12-06;"Bratislavský kraj";61;1584;52;1636;NA;44107;113;2020-12-06;13105
2020-12-05;"Bratislavský kraj";266;3515;70;3585;NA;44107;336;2020-12-05;12992
2020-12-04;"Bratislavský kraj";200;4101;99;4200;NA;44107;299;2020-12-04;12656
2020-12-03;"Bratislavský kraj";213;4717;95;4812;NA;44107;308;2020-12-03;12357
2020-12-02;"Bratislavský kraj";204;2161;131;2292;NA;44107;335;2020-12-02;12049
2020-12-01;"Bratislavský kraj";255;3172;164;3336;NA;44107;419;2020-12-01;11714
2020-11-30;"Bratislavský kraj";152;1569;94;1659;NA;44107;246;2020-11-30;11295
2020-11-29;"Bratislavský kraj";52;41;21;62;NA;44107;73;2020-11-29;11049
2020-11-28;"Bratislavský kraj";232;1983;21;2004;NA;44107;253;2020-11-28;10976
2020-11-27;"Bratislavský kraj";54;1198;29;1227;NA;44107;83;2020-11-27;10723
2020-11-26;"Bratislavský kraj";129;1114;25;1139;NA;44107;154;2020-11-26;10640
2020-11-25;"Bratislavský kraj";140;1133;31;1164;NA;44107;171;2020-11-25;10486
2020-11-24;"Bratislavský kraj";81;2988;67;3055;NA;44107;148;2020-11-24;10315
2020-11-23;"Bratislavský kraj";67;7077;58;7135;NA;44107;125;2020-11-23;10167
2020-11-22;"Bratislavský kraj";36;81;7;88;NA;44107;43;2020-11-22;10042
2020-11-21;"Bratislavský kraj";109;2126;47;2173;NA;44107;156;2020-11-21;9999
2020-11-20;"Bratislavský kraj";118;2869;48;2917;NA;44107;166;2020-11-20;9843
2020-11-19;"Bratislavský kraj";173;987;29;1016;NA;44107;202;2020-11-19;9677
2020-11-18;"Bratislavský kraj";118;616;75;691;NA;44107;193;2020-11-18;9475
2020-11-17;"Bratislavský kraj";108;928;23;951;NA;44107;131;2020-11-17;9282
2020-11-16;"Bratislavský kraj";82;651;9;660;NA;44107;91;2020-11-16;9151
2020-11-15;"Bratislavský kraj";47;236;0;236;NA;44107;47;2020-11-15;9060
2020-11-14;"Bratislavský kraj";53;1834;15;1849;NA;44107;68;2020-11-14;9013
2020-11-13;"Bratislavský kraj";94;2096;21;2117;NA;44107;115;2020-11-13;8945
2020-11-12;"Bratislavský kraj";141;1727;6;1733;NA;44107;147;2020-11-12;8830
2020-11-11;"Bratislavský kraj";159;1429;12;1441;NA;44107;171;2020-11-11;8683
2020-11-10;"Bratislavský kraj";136;805;14;819;NA;44107;150;2020-11-10;8512
2020-11-09;"Bratislavský kraj";70;609;8;617;NA;44107;78;2020-11-09;8362
2020-11-08;"Bratislavský kraj";82;869;6;875;NA;44107;88;2020-11-08;8284
2020-11-07;"Bratislavský kraj";88;4039;17;4056;NA;44107;105;2020-11-07;8196
2020-11-06;"Bratislavský kraj";281;6441;25;6466;NA;44107;306;2020-11-06;8091
2020-11-05;"Bratislavský kraj";175;476;11;487;NA;44107;186;2020-11-05;7785
2020-11-04;"Bratislavský kraj";65;411;10;422;NA;44107;75;2020-11-04;7599
2020-11-03;"Bratislavský kraj";251;1081;12;1093;NA;44107;263;2020-11-03;7524
2020-11-02;"Bratislavský kraj";202;3365;22;3387;NA;44107;224;2020-11-02;7261
2020-11-01;"Bratislavský kraj";227;8694;39;8733;NA;44107;266;2020-11-01;7037
2020-10-31;"Bratislavský kraj";173;22407;123;22530;NA;44107;296;2020-10-31;6771
2020-10-30;"Bratislavský kraj";158;17350;138;17488;NA;44107;296;2020-10-30;6475
2020-10-29;"Bratislavský kraj";262;116;4;120;NA;44107;266;2020-10-29;6179
2020-10-28;"Bratislavský kraj";220;260;15;275;NA;44107;235;2020-10-28;5913
2020-10-27;"Bratislavský kraj";256;145;4;149;NA;44107;260;2020-10-27;5678
2020-10-26;"Bratislavský kraj";123;229;11;240;NA;44107;134;2020-10-26;5418
2020-10-25;"Bratislavský kraj";152;33;2;35;NA;44107;154;2020-10-25;5284
2020-10-24;"Bratislavský kraj";170;221;6;227;NA;44107;176;2020-10-24;5130
2020-10-23;"Bratislavský kraj";151;144;8;152;NA;44107;159;2020-10-23;4954
2020-10-22;"Bratislavský kraj";192;204;15;219;NA;44107;207;2020-10-22;4795
2020-10-21;"Bratislavský kraj";66;90;6;96;NA;44107;72;2020-10-21;4588
2020-10-20;"Bratislavský kraj";183;97;4;100;NA;44107;187;2020-10-20;4516
2020-10-19;"Bratislavský kraj";148;80;3;83;NA;44107;151;2020-10-19;4329
2020-10-18;"Bratislavský kraj";75;92;0;92;NA;44107;75;2020-10-18;4178
2020-10-17;"Bratislavský kraj";136;0;0;0;NA;44107;136;2020-10-17;4103
2020-10-16;"Bratislavský kraj";103;14;1;15;NA;44107;104;2020-10-16;3967
2020-10-15;"Bratislavský kraj";135;6;1;7;NA;44107;136;2020-10-15;3863
2020-10-14;"Bratislavský kraj";127;4;0;4;NA;44107;127;2020-10-14;3727
2020-10-13;"Bratislavský kraj";86;108;8;117;NA;44107;94;2020-10-13;3600
2020-10-12;"Bratislavský kraj";46;0;0;0;NA;44107;46;2020-10-12;3506
2020-10-11;"Bratislavský kraj";80;0;0;0;NA;44107;80;2020-10-11;3460
2020-10-10;"Bratislavský kraj";55;0;0;0;NA;44107;55;2020-10-10;3380
2020-10-09;"Bratislavský kraj";148;0;0;0;NA;44107;148;2020-10-09;3325
2020-10-08;"Bratislavský kraj";100;0;0;0;NA;44107;100;2020-10-08;3177
2020-10-07;"Bratislavský kraj";107;0;0;0;NA;44107;107;2020-10-07;3077
2020-10-06;"Bratislavský kraj";108;0;0;0;NA;44107;108;2020-10-06;2970
2020-10-05;"Bratislavský kraj";30;0;0;0;NA;44107;30;2020-10-05;2862
2020-10-04;"Bratislavský kraj";49;0;0;0;NA;44107;49;2020-10-04;2832
2020-10-03;"Bratislavský kraj";82;0;0;0;NA;44107;82;2020-10-03;2783
2020-10-02;"Bratislavský kraj";101;0;0;0;NA;44107;101;2020-10-02;2701
2020-10-01;"Bratislavský kraj";72;0;0;0;NA;44107;72;2020-10-01;2600
2020-09-30;"Bratislavský kraj";91;0;0;0;NA;44107;91;2020-09-30;2528
2020-09-29;"Bratislavský kraj";74;0;0;0;NA;44107;74;2020-09-29;2437
2020-09-28;"Bratislavský kraj";29;0;0;0;NA;44107;29;2020-09-28;2363
2020-09-27;"Bratislavský kraj";48;0;0;0;NA;44107;48;2020-09-27;2334
2020-09-26;"Bratislavský kraj";86;0;0;0;NA;44107;86;2020-09-26;2286
2020-09-25;"Bratislavský kraj";97;0;0;0;NA;44107;97;2020-09-25;2200
2020-09-24;"Bratislavský kraj";73;0;0;0;NA;44107;73;2020-09-24;2103
2020-09-23;"Bratislavský kraj";55;0;0;0;NA;44107;55;2020-09-23;2030
2020-09-22;"Bratislavský kraj";81;0;0;0;NA;44107;81;2020-09-22;1975
2020-09-21;"Bratislavský kraj";32;0;0;0;NA;44107;32;2020-09-21;1894
2020-09-20;"Bratislavský kraj";25;0;0;0;NA;44107;25;2020-09-20;1862
2020-09-19;"Bratislavský kraj";59;0;0;0;NA;44107;59;2020-09-19;1837
2020-09-18;"Bratislavský kraj";42;0;0;0;NA;44107;42;2020-09-18;1778
2020-09-17;"Bratislavský kraj";52;0;0;0;NA;44107;52;2020-09-17;1736
2020-09-16;"Bratislavský kraj";32;0;0;0;NA;44107;32;2020-09-16;1684
2020-09-15;"Bratislavský kraj";26;0;0;0;NA;44107;26;2020-09-15;1652
2020-09-14;"Bratislavský kraj";24;0;0;0;NA;44107;24;2020-09-14;1626
2020-09-13;"Bratislavský kraj";11;0;0;0;NA;44107;11;2020-09-13;1602
2020-09-12;"Bratislavský kraj";24;0;0;0;NA;44107;24;2020-09-12;1591
2020-09-11;"Bratislavský kraj";50;0;0;0;NA;44107;50;2020-09-11;1567
2020-09-10;"Bratislavský kraj";47;0;0;0;NA;44107;47;2020-09-10;1517
2020-09-09;"Bratislavský kraj";40;0;0;0;NA;44107;40;2020-09-09;1470
2020-09-08;"Bratislavský kraj";58;0;0;0;NA;44107;58;2020-09-08;1430
2020-09-07;"Bratislavský kraj";39;0;0;0;NA;44107;39;2020-09-07;1372
2020-09-06;"Bratislavský kraj";11;0;0;0;NA;44107;11;2020-09-06;1333
2020-09-05;"Bratislavský kraj";37;0;0;0;NA;44107;37;2020-09-05;1322
2020-09-04;"Bratislavský kraj";87;0;0;0;NA;44107;87;2020-09-04;1285
2020-09-03;"Bratislavský kraj";51;0;0;0;NA;44107;51;2020-09-03;1198
2021-01-20;"Košický kraj";374;9606;183;9789;27392;40554;557;2021-01-20;40554
2021-01-19;"Košický kraj";248;9613;180;9793;NA;40554;428;2021-01-19;39997
2021-01-18;"Košický kraj";333;12352;728;13080;NA;40554;1061;2021-01-18;39569
2021-01-17;"Košický kraj";155;531;13;544;NA;40554;168;2021-01-17;38508
2021-01-16;"Košický kraj";153;1590;50;1640;NA;40554;203;2021-01-16;38340
2021-01-15;"Košický kraj";308;6306;236;6542;NA;40554;544;2021-01-15;38137
2021-01-14;"Košický kraj";358;5246;212;5458;NA;40554;570;2021-01-14;37593
2021-01-13;"Košický kraj";421;4790;217;5007;NA;40554;638;2021-01-13;37023
2021-01-12;"Košický kraj";482;6573;247;6820;NA;40554;729;2021-01-12;36385
2021-01-11;"Košický kraj";309;7298;405;7703;NA;40554;714;2021-01-11;35656
2021-01-10;"Košický kraj";193;131;10;141;NA;40554;203;2021-01-10;34942
2021-01-09;"Košický kraj";469;1466;66;1532;NA;40554;535;2021-01-09;34739
2021-01-08;"Košický kraj";551;7925;380;8305;NA;40554;931;2021-01-08;34204
2021-01-07;"Košický kraj";251;5828;379;6207;NA;40554;630;2021-01-07;33273
2021-01-06;"Košický kraj";442;669;49;718;NA;40554;491;2021-01-06;32643
2021-01-05;"Košický kraj";584;7662;528;8190;NA;40554;1112;2021-01-05;32152
2021-01-04;"Košický kraj";407;6525;665;7190;NA;40554;1072;2021-01-04;31040
2021-01-03;"Košický kraj";118;882;31;913;NA;40554;149;2021-01-03;29968
2021-01-02;"Košický kraj";88;436;43;479;NA;40554;131;2021-01-02;29819
2021-01-01;"Košický kraj";398;980;66;1046;NA;40554;464;2021-01-01;29688
2020-12-31;"Košický kraj";625;7237;434;7671;NA;40554;1059;2020-12-31;29224
2020-12-30;"Košický kraj";590;6351;402;6753;NA;40554;992;2020-12-30;28165
2020-12-29;"Košický kraj";419;7824;621;8445;NA;40554;1040;2020-12-29;27173
2020-12-28;"Košický kraj";356;8296;804;9100;NA;40554;1160;2020-12-28;26133
2020-12-27;"Košický kraj";159;147;16;163;NA;40554;175;2020-12-27;24973
2020-12-26;"Košický kraj";163;274;23;297;NA;40554;186;2020-12-26;24798
2020-12-25;"Košický kraj";237;140;10;150;NA;40554;247;2020-12-25;24612
2020-12-24;"Košický kraj";564;1470;90;1560;NA;40554;654;2020-12-24;24365
2020-12-23;"Košický kraj";304;7942;354;8296;NA;40554;658;2020-12-23;23711
2020-12-22;"Košický kraj";438;7920;459;8379;NA;40554;897;2020-12-22;23053
2020-12-21;"Košický kraj";405;6984;509;7493;NA;40554;914;2020-12-21;22156
2020-12-20;"Košický kraj";215;48;8;55;NA;40554;223;2020-12-20;21242
2020-12-19;"Košický kraj";207;1148;59;1207;NA;40554;266;2020-12-19;21019
2020-12-18;"Košický kraj";310;8484;326;8810;NA;40554;636;2020-12-18;20753
2020-12-17;"Košický kraj";463;5292;255;5547;NA;40554;718;2020-12-17;20117
2020-12-16;"Košický kraj";455;5632;582;6214;NA;40554;1037;2020-12-16;19399
2020-12-15;"Košický kraj";319;5086;338;5424;NA;40554;657;2020-12-15;18362
2020-12-14;"Košický kraj";256;2893;239;3132;NA;40554;495;2020-12-14;17705
2020-12-13;"Košický kraj";47;181;2;183;NA;40554;49;2020-12-13;17210
2020-12-12;"Košický kraj";369;1587;118;1705;NA;40554;487;2020-12-12;17161
2020-12-11;"Košický kraj";355;5461;258;5719;NA;40554;613;2020-12-11;16674
2020-12-10;"Košický kraj";283;4064;176;4240;NA;40554;459;2020-12-10;16061
2020-12-09;"Košický kraj";279;3786;166;3952;NA;40554;445;2020-12-09;15602
2020-12-08;"Košický kraj";226;4105;355;4461;NA;40554;581;2020-12-08;15157
2020-12-07;"Košický kraj";270;2111;103;2214;NA;40554;373;2020-12-07;14576
2020-12-06;"Košický kraj";121;97;20;117;NA;40554;141;2020-12-06;14203
2020-12-05;"Košický kraj";90;1096;48;1144;NA;40554;138;2020-12-05;14062
2020-12-04;"Košický kraj";224;2680;82;2762;NA;40554;306;2020-12-04;13924
2020-12-03;"Košický kraj";211;7717;173;7890;NA;40554;384;2020-12-03;13618
2020-12-02;"Košický kraj";194;3654;124;3778;NA;40554;318;2020-12-02;13234
2020-12-01;"Košický kraj";178;2237;124;2361;NA;40554;302;2020-12-01;12916
2020-11-30;"Košický kraj";171;3754;62;3816;NA;40554;233;2020-11-30;12614
2020-11-29;"Košický kraj";31;287;16;303;NA;40554;47;2020-11-29;12381
2020-11-28;"Košický kraj";69;721;52;773;NA;40554;121;2020-11-28;12334
2020-11-27;"Košický kraj";149;2729;74;2803;NA;40554;223;2020-11-27;12213
2020-11-26;"Košický kraj";239;1090;55;1145;NA;40554;294;2020-11-26;11990
2020-11-25;"Košický kraj";237;1664;122;1786;NA;40554;359;2020-11-25;11696
2020-11-24;"Košický kraj";196;1871;64;1935;NA;40554;260;2020-11-24;11337
2020-11-23;"Košický kraj";51;3737;54;3791;NA;40554;105;2020-11-23;11077
2020-11-22;"Košický kraj";57;28;3;31;NA;40554;60;2020-11-22;10972
2020-11-21;"Košický kraj";87;858;36;894;NA;40554;123;2020-11-21;10912
2020-11-20;"Košický kraj";176;2989;45;3034;NA;40554;221;2020-11-20;10789
2020-11-19;"Košický kraj";206;1648;40;1688;NA;40554;246;2020-11-19;10568
2020-11-18;"Košický kraj";122;443;16;459;NA;40554;138;2020-11-18;10322
2020-11-17;"Košický kraj";152;82;9;91;NA;40554;161;2020-11-17;10184
2020-11-16;"Košický kraj";114;531;24;555;NA;40554;138;2020-11-16;10023
2020-11-15;"Košický kraj";15;338;7;345;NA;40554;22;2020-11-15;9885
2020-11-14;"Košický kraj";234;520;12;532;NA;40554;246;2020-11-14;9863
2020-11-13;"Košický kraj";207;664;29;693;NA;40554;236;2020-11-13;9617
2020-11-12;"Košický kraj";192;736;13;749;NA;40554;205;2020-11-12;9381
2020-11-11;"Košický kraj";301;593;7;600;NA;40554;308;2020-11-11;9176
2020-11-10;"Košický kraj";190;541;11;552;NA;40554;201;2020-11-10;8868
2020-11-09;"Košický kraj";129;380;5;385;NA;40554;134;2020-11-09;8667
2020-11-08;"Košický kraj";78;1298;8;1306;NA;40554;86;2020-11-08;8533
2020-11-07;"Košický kraj";192;3909;22;3931;NA;40554;214;2020-11-07;8447
2020-11-06;"Košický kraj";195;5310;34;5344;NA;40554;229;2020-11-06;8233
2020-11-05;"Košický kraj";342;330;31;361;NA;40554;373;2020-11-05;8004
2020-11-04;"Košický kraj";101;154;6;160;NA;40554;107;2020-11-04;7631
2020-11-03;"Košický kraj";358;1122;13;1135;NA;40554;371;2020-11-03;7524
2020-11-02;"Košický kraj";111;4368;51;4419;NA;40554;162;2020-11-02;7153
2020-11-01;"Košický kraj";346;6522;34;6556;NA;40554;380;2020-11-01;6991
2020-10-31;"Košický kraj";82;13810;105;13915;NA;40554;187;2020-10-31;6611
2020-10-30;"Košický kraj";379;2835;27;2862;NA;40554;406;2020-10-30;6424
2020-10-29;"Košický kraj";333;983;13;996;NA;40554;346;2020-10-29;6018
2020-10-28;"Košický kraj";224;305;13;318;NA;40554;237;2020-10-28;5672
2020-10-27;"Košický kraj";386;439;21;460;NA;40554;407;2020-10-27;5435
2020-10-26;"Košický kraj";56;206;10;216;NA;40554;66;2020-10-26;5028
2020-10-25;"Košický kraj";154;79;2;81;NA;40554;156;2020-10-25;4962
2020-10-24;"Košický kraj";313;113;15;128;NA;40554;328;2020-10-24;4806
2020-10-23;"Košický kraj";315;331;8;339;NA;40554;323;2020-10-23;4478
2020-10-22;"Košický kraj";349;530;16;546;NA;40554;365;2020-10-22;4155
2020-10-21;"Košický kraj";129;84;2;86;NA;40554;131;2020-10-21;3790
2020-10-20;"Košický kraj";181;14;1;15;NA;40554;182;2020-10-20;3659
2020-10-19;"Košický kraj";64;10;0;10;NA;40554;64;2020-10-19;3477
2020-10-18;"Košický kraj";158;0;0;0;NA;40554;158;2020-10-18;3413
2020-10-17;"Košický kraj";142;0;0;0;NA;40554;142;2020-10-17;3255
2020-10-16;"Košický kraj";206;19;0;19;NA;40554;206;2020-10-16;3113
2020-10-15;"Košický kraj";177;19;5;24;NA;40554;182;2020-10-15;2907
2020-10-14;"Košický kraj";211;8;0;8;NA;40554;211;2020-10-14;2725
2020-10-13;"Košický kraj";179;80;3;85;NA;40554;182;2020-10-13;2514
2020-10-12;"Košický kraj";74;0;0;0;NA;40554;74;2020-10-12;2332
2020-10-11;"Košický kraj";121;0;0;0;NA;40554;121;2020-10-11;2258
2020-10-10;"Košický kraj";70;0;0;0;NA;40554;70;2020-10-10;2137
2020-10-09;"Košický kraj";188;0;0;0;NA;40554;188;2020-10-09;2067
2020-10-08;"Košický kraj";102;0;0;0;NA;40554;102;2020-10-08;1879
2020-10-07;"Košický kraj";158;0;0;0;NA;40554;158;2020-10-07;1777
2020-10-06;"Košický kraj";70;0;0;0;NA;40554;70;2020-10-06;1619
2020-10-05;"Košický kraj";39;0;0;0;NA;40554;39;2020-10-05;1549
2020-10-04;"Košický kraj";45;0;0;0;NA;40554;45;2020-10-04;1510
2020-10-03;"Košický kraj";105;0;0;0;NA;40554;105;2020-10-03;1465
2020-10-02;"Košický kraj";57;0;0;0;NA;40554;57;2020-10-02;1360
2020-10-01;"Košický kraj";69;0;0;0;NA;40554;69;2020-10-01;1303
2020-09-30;"Košický kraj";95;0;0;0;NA;40554;95;2020-09-30;1234
2020-09-29;"Košický kraj";75;0;0;0;NA;40554;75;2020-09-29;1139
2020-09-28;"Košický kraj";19;0;0;0;NA;40554;19;2020-09-28;1064
2020-09-27;"Košický kraj";21;0;0;0;NA;40554;21;2020-09-27;1045
2020-09-26;"Košický kraj";53;0;0;0;NA;40554;53;2020-09-26;1024
2020-09-25;"Košický kraj";72;0;0;0;NA;40554;72;2020-09-25;971
2020-09-24;"Košický kraj";35;0;0;0;NA;40554;35;2020-09-24;899
2020-09-23;"Košický kraj";23;0;0;0;NA;40554;23;2020-09-23;864
2020-09-22;"Košický kraj";39;0;0;0;NA;40554;39;2020-09-22;841
2020-09-21;"Košický kraj";5;0;0;0;NA;40554;5;2020-09-21;802
2020-09-20;"Košický kraj";3;0;0;0;NA;40554;3;2020-09-20;797
2020-09-19;"Košický kraj";13;0;0;0;NA;40554;13;2020-09-19;794
2020-09-18;"Košický kraj";20;0;0;0;NA;40554;20;2020-09-18;781
2020-09-17;"Košický kraj";22;0;0;0;NA;40554;22;2020-09-17;761
2020-09-16;"Košický kraj";12;0;0;0;NA;40554;12;2020-09-16;739
2020-09-15;"Košický kraj";10;0;0;0;NA;40554;10;2020-09-15;727
2020-09-14;"Košický kraj";6;0;0;0;NA;40554;6;2020-09-14;717
2020-09-13;"Košický kraj";3;0;0;0;NA;40554;3;2020-09-13;711
2020-09-12;"Košický kraj";16;0;0;0;NA;40554;16;2020-09-12;708
2020-09-11;"Košický kraj";20;0;0;0;NA;40554;20;2020-09-11;692
2020-09-10;"Košický kraj";11;0;0;0;NA;40554;11;2020-09-10;672
2020-09-09;"Košický kraj";37;0;0;0;NA;40554;37;2020-09-09;661
2020-09-08;"Košický kraj";10;0;0;0;NA;40554;10;2020-09-08;624
2020-09-07;"Košický kraj";4;0;0;0;NA;40554;4;2020-09-07;614
2020-09-06;"Košický kraj";2;0;0;0;NA;40554;2;2020-09-06;610
2020-09-05;"Košický kraj";10;0;0;0;NA;40554;10;2020-09-05;608
2020-09-04;"Košický kraj";14;0;0;0;NA;40554;14;2020-09-04;598
2020-09-03;"Košický kraj";22;0;0;0;NA;40554;22;2020-09-03;584
2021-01-20;"Nitriansky kraj";326;9637;548;10185;27141;55158;874;2021-01-20;55158
2021-01-19;"Nitriansky kraj";344;9810;674;10484;NA;55158;1018;2021-01-19;54284
2021-01-18;"Nitriansky kraj";367;18308;945;19253;NA;55158;1312;2021-01-18;53266
2021-01-17;"Nitriansky kraj";97;30350;437;30787;NA;55158;534;2021-01-17;51954
2021-01-16;"Nitriansky kraj";64;9465;318;9783;NA;55158;382;2021-01-16;51420
2021-01-15;"Nitriansky kraj";373;15267;472;15739;NA;55158;845;2021-01-15;51038
2021-01-14;"Nitriansky kraj";627;10404;449;10853;NA;55158;1076;2021-01-14;50193
2021-01-13;"Nitriansky kraj";663;9069;771;9840;NA;55158;1434;2021-01-13;49117
2021-01-12;"Nitriansky kraj";642;9201;594;9795;NA;55158;1236;2021-01-12;47683
2021-01-11;"Nitriansky kraj";422;20593;866;21459;NA;55158;1288;2021-01-11;46447
2021-01-10;"Nitriansky kraj";44;32806;1049;33855;NA;55158;1093;2021-01-10;45159
2021-01-09;"Nitriansky kraj";532;10604;392;10996;NA;55158;924;2021-01-09;44066
2021-01-08;"Nitriansky kraj";817;13486;690;14176;NA;55158;1507;2021-01-08;43142
2021-01-07;"Nitriansky kraj";438;11508;755;12263;NA;55158;1193;2021-01-07;41635
2021-01-06;"Nitriansky kraj";259;2822;457;3279;NA;55158;716;2021-01-06;40442
2021-01-05;"Nitriansky kraj";732;8815;1204;10019;NA;55158;1936;2021-01-05;39726
2021-01-04;"Nitriansky kraj";362;8852;1333;10185;NA;55158;1695;2021-01-04;37790
2021-01-03;"Nitriansky kraj";42;84;20;104;NA;55158;62;2021-01-03;36095
2021-01-02;"Nitriansky kraj";249;1582;34;1616;NA;55158;283;2021-01-02;36033
2021-01-01;"Nitriansky kraj";119;671;94;765;NA;55158;213;2021-01-01;35750
2020-12-31;"Nitriansky kraj";786;6146;706;6852;NA;55158;1492;2020-12-31;35537
2020-12-30;"Nitriansky kraj";1094;8641;1098;9739;NA;55158;2192;2020-12-30;34045
2020-12-29;"Nitriansky kraj";607;7870;1245;9115;NA;55158;1852;2020-12-29;31853
2020-12-28;"Nitriansky kraj";83;6881;1271;8152;NA;55158;1354;2020-12-28;30001
2020-12-27;"Nitriansky kraj";22;36;2;38;NA;55158;24;2020-12-27;28647
2020-12-26;"Nitriansky kraj";54;297;56;353;NA;55158;110;2020-12-26;28623
2020-12-25;"Nitriansky kraj";35;47;5;52;NA;55158;40;2020-12-25;28513
2020-12-24;"Nitriansky kraj";514;1861;176;2036;NA;55158;690;2020-12-24;28473
2020-12-23;"Nitriansky kraj";349;15214;843;16057;NA;55158;1192;2020-12-23;27783
2020-12-22;"Nitriansky kraj";673;10915;994;11909;NA;55158;1667;2020-12-22;26591
2020-12-21;"Nitriansky kraj";128;7719;976;8695;NA;55158;1104;2020-12-21;24924
2020-12-20;"Nitriansky kraj";77;50;10;60;NA;55158;87;2020-12-20;23820
2020-12-19;"Nitriansky kraj";262;2449;169;2618;NA;55158;431;2020-12-19;23733
2020-12-18;"Nitriansky kraj";512;8130;541;8671;NA;55158;1053;2020-12-18;23302
2020-12-17;"Nitriansky kraj";586;6705;514;7219;NA;55158;1100;2020-12-17;22249
2020-12-16;"Nitriansky kraj";357;8265;513;8778;NA;55158;870;2020-12-16;21149
2020-12-15;"Nitriansky kraj";461;9365;769;10134;NA;55158;1230;2020-12-15;20279
2020-12-14;"Nitriansky kraj";217;8414;888;9302;NA;55158;1105;2020-12-14;19049
2020-12-13;"Nitriansky kraj";12;9;1;10;NA;55158;13;2020-12-13;17944
2020-12-12;"Nitriansky kraj";341;1832;125;1957;NA;55158;466;2020-12-12;17931
2020-12-11;"Nitriansky kraj";409;5976;454;6430;NA;55158;863;2020-12-11;17465
2020-12-10;"Nitriansky kraj";360;5030;326;5356;NA;55158;686;2020-12-10;16602
2020-12-09;"Nitriansky kraj";362;5726;542;6268;NA;55158;904;2020-12-09;15916
2020-12-08;"Nitriansky kraj";340;8766;611;9377;NA;55158;951;2020-12-08;15012
2020-12-07;"Nitriansky kraj";139;6243;573;6816;NA;55158;712;2020-12-07;14061
2020-12-06;"Nitriansky kraj";15;89;4;93;NA;55158;19;2020-12-06;13349
2020-12-05;"Nitriansky kraj";136;618;14;632;NA;55158;150;2020-12-05;13330
2020-12-04;"Nitriansky kraj";232;3047;86;3133;NA;55158;318;2020-12-04;13180
2020-12-03;"Nitriansky kraj";248;2599;127;2726;NA;55158;375;2020-12-03;12862
2020-12-02;"Nitriansky kraj";252;3733;163;3896;NA;55158;415;2020-12-02;12487
2020-12-01;"Nitriansky kraj";331;2940;134;3074;NA;55158;465;2020-12-01;12072
2020-11-30;"Nitriansky kraj";91;4232;143;4375;NA;55158;234;2020-11-30;11607
2020-11-29;"Nitriansky kraj";3;620;42;662;NA;55158;45;2020-11-29;11373
2020-11-28;"Nitriansky kraj";135;892;31;923;NA;55158;166;2020-11-28;11328
2020-11-27;"Nitriansky kraj";177;1229;43;1272;NA;55158;220;2020-11-27;11162
2020-11-26;"Nitriansky kraj";191;2262;57;2319;NA;55158;248;2020-11-26;10942
2020-11-25;"Nitriansky kraj";325;1993;66;2059;NA;55158;391;2020-11-25;10694
2020-11-24;"Nitriansky kraj";147;1141;50;1191;NA;55158;197;2020-11-24;10303
2020-11-23;"Nitriansky kraj";102;9562;206;9768;NA;55158;308;2020-11-23;10106
2020-11-22;"Nitriansky kraj";7;0;0;0;NA;55158;7;2020-11-22;9798
2020-11-21;"Nitriansky kraj";86;1083;38;1121;NA;55158;124;2020-11-21;9791
2020-11-20;"Nitriansky kraj";264;4020;101;4121;NA;55158;365;2020-11-20;9667
2020-11-19;"Nitriansky kraj";185;2953;133;3086;NA;55158;318;2020-11-19;9302
2020-11-18;"Nitriansky kraj";188;2109;77;2186;NA;55158;265;2020-11-18;8984
2020-11-17;"Nitriansky kraj";178;596;29;625;NA;55158;207;2020-11-17;8719
2020-11-16;"Nitriansky kraj";139;1836;75;1911;NA;55158;214;2020-11-16;8512
2020-11-15;"Nitriansky kraj";14;10;1;11;NA;55158;15;2020-11-15;8298
2020-11-14;"Nitriansky kraj";114;1131;32;1163;NA;55158;146;2020-11-14;8283
2020-11-13;"Nitriansky kraj";210;936;46;981;NA;55158;256;2020-11-13;8137
2020-11-12;"Nitriansky kraj";256;1195;35;1230;NA;55158;291;2020-11-12;7881
2020-11-11;"Nitriansky kraj";279;1247;22;1269;NA;55158;301;2020-11-11;7590
2020-11-10;"Nitriansky kraj";192;2623;39;2662;NA;55158;231;2020-11-10;7289
2020-11-09;"Nitriansky kraj";128;3136;43;3179;NA;55158;171;2020-11-09;7058
2020-11-08;"Nitriansky kraj";43;1462;32;1494;NA;55158;75;2020-11-08;6887
2020-11-07;"Nitriansky kraj";130;1046;4;1050;NA;55158;134;2020-11-07;6812
2020-11-06;"Nitriansky kraj";210;2264;32;2296;NA;55158;242;2020-11-06;6678
2020-11-05;"Nitriansky kraj";178;312;14;326;NA;55158;192;2020-11-05;6436
2020-11-04;"Nitriansky kraj";211;297;16;313;NA;55158;227;2020-11-04;6244
2020-11-03;"Nitriansky kraj";216;435;25;460;NA;55158;241;2020-11-03;6017
2020-11-02;"Nitriansky kraj";171;4208;46;4254;NA;55158;217;2020-11-02;5776
2020-11-01;"Nitriansky kraj";130;2546;27;2573;NA;55158;157;2020-11-01;5559
2020-10-31;"Nitriansky kraj";261;10466;134;10600;NA;55158;395;2020-10-31;5402
2020-10-30;"Nitriansky kraj";204;2380;21;2401;NA;55158;225;2020-10-30;5007
2020-10-29;"Nitriansky kraj";293;841;39;880;NA;55158;332;2020-10-29;4782
2020-10-28;"Nitriansky kraj";216;608;59;667;NA;55158;275;2020-10-28;4450
2020-10-27;"Nitriansky kraj";296;550;47;597;NA;55158;343;2020-10-27;4175
2020-10-26;"Nitriansky kraj";69;633;56;689;NA;55158;125;2020-10-26;3832
2020-10-25;"Nitriansky kraj";50;40;6;46;NA;55158;56;2020-10-25;3707
2020-10-24;"Nitriansky kraj";169;237;11;248;NA;55158;180;2020-10-24;3651
2020-10-23;"Nitriansky kraj";282;762;41;803;NA;55158;323;2020-10-23;3471
2020-10-22;"Nitriansky kraj";137;444;39;483;NA;55158;176;2020-10-22;3148
2020-10-21;"Nitriansky kraj";146;208;3;211;NA;55158;149;2020-10-21;2972
2020-10-20;"Nitriansky kraj";197;78;6;84;NA;55158;203;2020-10-20;2823
2020-10-19;"Nitriansky kraj";148;79;1;80;NA;55158;149;2020-10-19;2620
2020-10-18;"Nitriansky kraj";22;0;0;0;NA;55158;22;2020-10-18;2471
2020-10-17;"Nitriansky kraj";67;0;0;0;NA;55158;67;2020-10-17;2449
2020-10-16;"Nitriansky kraj";133;28;3;31;NA;55158;136;2020-10-16;2382
2020-10-15;"Nitriansky kraj";106;31;2;33;NA;55158;108;2020-10-15;2246
2020-10-14;"Nitriansky kraj";80;22;4;26;NA;55158;84;2020-10-14;2138
2020-10-13;"Nitriansky kraj";101;82;2;84;NA;55158;103;2020-10-13;2054
2020-10-12;"Nitriansky kraj";36;0;0;0;NA;55158;36;2020-10-12;1951
2020-10-11;"Nitriansky kraj";8;0;0;0;NA;55158;8;2020-10-11;1915
2020-10-10;"Nitriansky kraj";107;0;0;0;NA;55158;107;2020-10-10;1907
2020-10-09;"Nitriansky kraj";120;0;0;0;NA;55158;120;2020-10-09;1800
2020-10-08;"Nitriansky kraj";132;0;0;0;NA;55158;132;2020-10-08;1680
2020-10-07;"Nitriansky kraj";81;0;0;0;NA;55158;81;2020-10-07;1548
2020-10-06;"Nitriansky kraj";48;0;0;0;NA;55158;48;2020-10-06;1467
2020-10-05;"Nitriansky kraj";20;0;0;0;NA;55158;20;2020-10-05;1419
2020-10-04;"Nitriansky kraj";17;0;0;0;NA;55158;17;2020-10-04;1399
2020-10-03;"Nitriansky kraj";96;0;0;0;NA;55158;96;2020-10-03;1382
2020-10-02;"Nitriansky kraj";108;0;0;0;NA;55158;108;2020-10-02;1286
2020-10-01;"Nitriansky kraj";95;0;0;0;NA;55158;95;2020-10-01;1178
2020-09-30;"Nitriansky kraj";100;0;0;0;NA;55158;100;2020-09-30;1083
2020-09-29;"Nitriansky kraj";50;0;0;0;NA;55158;50;2020-09-29;983
2020-09-28;"Nitriansky kraj";22;0;0;0;NA;55158;22;2020-09-28;933
2020-09-27;"Nitriansky kraj";16;0;0;0;NA;55158;16;2020-09-27;911
2020-09-26;"Nitriansky kraj";64;0;0;0;NA;55158;64;2020-09-26;895
2020-09-25;"Nitriansky kraj";90;0;0;0;NA;55158;90;2020-09-25;831
2020-09-24;"Nitriansky kraj";51;0;0;0;NA;55158;51;2020-09-24;741
2020-09-23;"Nitriansky kraj";70;0;0;0;NA;55158;70;2020-09-23;690
2020-09-22;"Nitriansky kraj";18;0;0;0;NA;55158;18;2020-09-22;620
2020-09-21;"Nitriansky kraj";10;0;0;0;NA;55158;10;2020-09-21;602
2020-09-20;"Nitriansky kraj";4;0;0;0;NA;55158;4;2020-09-20;592
2020-09-19;"Nitriansky kraj";14;0;0;0;NA;55158;14;2020-09-19;588
2020-09-18;"Nitriansky kraj";19;0;0;0;NA;55158;19;2020-09-18;574
2020-09-17;"Nitriansky kraj";30;0;0;0;NA;55158;30;2020-09-17;555
2020-09-16;"Nitriansky kraj";6;0;0;0;NA;55158;6;2020-09-16;525
2020-09-15;"Nitriansky kraj";19;0;0;0;NA;55158;19;2020-09-15;519
2020-09-14;"Nitriansky kraj";28;0;0;0;NA;55158;28;2020-09-14;500
2020-09-13;"Nitriansky kraj";3;0;0;0;NA;55158;3;2020-09-13;472
2020-09-12;"Nitriansky kraj";12;0;0;0;NA;55158;12;2020-09-12;469
2020-09-11;"Nitriansky kraj";23;0;0;0;NA;55158;23;2020-09-11;457
2020-09-10;"Nitriansky kraj";29;0;0;0;NA;55158;29;2020-09-10;434
2020-09-09;"Nitriansky kraj";19;0;0;0;NA;55158;19;2020-09-09;405
2020-09-08;"Nitriansky kraj";17;0;0;0;NA;55158;17;2020-09-08;386
2020-09-07;"Nitriansky kraj";17;0;0;0;NA;55158;17;2020-09-07;369
2020-09-05;"Nitriansky kraj";22;0;0;0;NA;55158;22;2020-09-05;352
2020-09-04;"Nitriansky kraj";34;0;0;0;NA;55158;34;2020-09-04;330
2020-09-03;"Nitriansky kraj";15;0;0;0;NA;55158;15;2020-09-03;296
2021-01-20;"Prešovský kraj";253;11828;165;11993;36732;60067;418;2021-01-20;60067
2021-01-19;"Prešovský kraj";281;10159;276;10435;NA;60067;557;2021-01-19;59649
2021-01-18;"Prešovský kraj";203;9130;299;9429;NA;60067;502;2021-01-18;59092
2021-01-17;"Prešovský kraj";107;80;6;86;NA;60067;113;2021-01-17;58590
2021-01-16;"Prešovský kraj";72;1371;63;1434;NA;60067;135;2021-01-16;58477
2021-01-15;"Prešovský kraj";159;6476;211;6687;NA;60067;370;2021-01-15;58342
2021-01-14;"Prešovský kraj";268;5254;239;5493;NA;60067;507;2021-01-14;57972
2021-01-13;"Prešovský kraj";342;5130;206;5336;NA;60067;548;2021-01-13;57465
2021-01-12;"Prešovský kraj";455;8098;370;8468;NA;60067;825;2021-01-12;56917
2021-01-11;"Prešovský kraj";343;7115;428;7543;NA;60067;771;2021-01-11;56092
2021-01-10;"Prešovský kraj";63;486;23;509;NA;60067;86;2021-01-10;55321
2021-01-09;"Prešovský kraj";439;2248;125;2373;NA;60067;564;2021-01-09;55235
2021-01-08;"Prešovský kraj";430;9636;747;10383;NA;60067;1177;2021-01-08;54671
2021-01-07;"Prešovský kraj";268;7387;621;8008;NA;60067;889;2021-01-07;53494
2021-01-06;"Prešovský kraj";315;1259;101;1360;NA;60067;416;2021-01-06;52605
2021-01-05;"Prešovský kraj";655;11094;947;12041;NA;60067;1602;2021-01-05;52189
2021-01-04;"Prešovský kraj";371;16392;1688;18080;NA;60067;2059;2021-01-04;50587
2021-01-03;"Prešovský kraj";89;257;37;294;NA;60067;126;2021-01-03;48528
2021-01-02;"Prešovský kraj";65;1559;160;1719;NA;60067;225;2021-01-02;48402
2021-01-01;"Prešovský kraj";174;914;70;984;NA;60067;244;2021-01-01;48177
2020-12-31;"Prešovský kraj";640;11208;695;11907;NA;60067;1335;2020-12-31;47933
2020-12-30;"Prešovský kraj";729;8297;715;9012;NA;60067;1444;2020-12-30;46598
2020-12-29;"Prešovský kraj";435;8286;863;9149;NA;60067;1298;2020-12-29;45154
2020-12-28;"Prešovský kraj";393;8292;1020;9312;NA;60067;1413;2020-12-28;43856
2020-12-27;"Prešovský kraj";40;571;39;610;NA;60067;79;2020-12-27;42443
2020-12-26;"Prešovský kraj";64;176;12;188;NA;60067;76;2020-12-26;42364
2020-12-25;"Prešovský kraj";208;273;13;286;NA;60067;221;2020-12-25;42288
2020-12-24;"Prešovský kraj";452;1214;85;1299;NA;60067;537;2020-12-24;42067
2020-12-23;"Prešovský kraj";361;9882;760;10642;NA;60067;1121;2020-12-23;41530
2020-12-22;"Prešovský kraj";439;8972;671;9643;NA;60067;1110;2020-12-22;40409
2020-12-21;"Prešovský kraj";432;9370;820;10190;NA;60067;1252;2020-12-21;39299
2020-12-20;"Prešovský kraj";184;396;20;416;NA;60067;204;2020-12-20;38047
2020-12-19;"Prešovský kraj";276;1658;151;1809;NA;60067;427;2020-12-19;37843
2020-12-18;"Prešovský kraj";396;8850;599;9449;NA;60067;995;2020-12-18;37416
2020-12-17;"Prešovský kraj";427;10826;891;11717;NA;60067;1318;2020-12-17;36421
2020-12-16;"Prešovský kraj";466;5987;508;6495;NA;60067;974;2020-12-16;35103
2020-12-15;"Prešovský kraj";411;5685;584;6269;NA;60067;995;2020-12-15;34129
2020-12-14;"Prešovský kraj";334;5767;508;6276;NA;60067;842;2020-12-14;33134
2020-12-13;"Prešovský kraj";89;29;8;37;NA;60067;97;2020-12-13;32292
2020-12-12;"Prešovský kraj";319;2474;166;2640;NA;60067;485;2020-12-12;32195
2020-12-11;"Prešovský kraj";560;6042;418;6460;NA;60067;978;2020-12-11;31710
2020-12-10;"Prešovský kraj";337;5180;440;5620;NA;60067;777;2020-12-10;30732
2020-12-09;"Prešovský kraj";358;3646;270;3916;NA;60067;628;2020-12-09;29955
2020-12-08;"Prešovský kraj";350;6436;647;7083;NA;60067;997;2020-12-08;29327
2020-12-07;"Prešovský kraj";309;3639;337;3976;NA;60067;646;2020-12-07;28330
2020-12-06;"Prešovský kraj";59;358;26;384;NA;60067;85;2020-12-06;27684
2020-12-05;"Prešovský kraj";218;984;87;1071;NA;60067;305;2020-12-05;27599
2020-12-04;"Prešovský kraj";352;4471;281;4752;NA;60067;633;2020-12-04;27294
2020-12-03;"Prešovský kraj";284;2900;202;3102;NA;60067;486;2020-12-03;26661
2020-12-02;"Prešovský kraj";232;3341;235;3576;NA;60067;467;2020-12-02;26175
2020-12-01;"Prešovský kraj";281;2341;213;2554;NA;60067;494;2020-12-01;25708
2020-11-30;"Prešovský kraj";196;5821;110;5931;NA;60067;306;2020-11-30;25214
2020-11-29;"Prešovský kraj";27;379;42;421;NA;60067;69;2020-11-29;24908
2020-11-28;"Prešovský kraj";199;682;62;744;NA;60067;261;2020-11-28;24839
2020-11-27;"Prešovský kraj";232;2135;119;2254;NA;60067;351;2020-11-27;24578
2020-11-26;"Prešovský kraj";263;2787;312;2987;NA;60067;575;2020-11-26;24227
2020-11-25;"Prešovský kraj";302;1642;78;1720;NA;60067;380;2020-11-25;23652
2020-11-24;"Prešovský kraj";365;1662;140;1802;NA;60067;505;2020-11-24;23272
2020-11-23;"Prešovský kraj";164;842;42;884;NA;60067;206;2020-11-23;22767
2020-11-22;"Prešovský kraj";46;30;1;31;NA;60067;47;2020-11-22;22561
2020-11-21;"Prešovský kraj";205;689;57;746;NA;60067;262;2020-11-21;22514
2020-11-20;"Prešovský kraj";363;2063;98;2161;NA;60067;461;2020-11-20;22252
2020-11-19;"Prešovský kraj";359;1973;229;2070;NA;60067;588;2020-11-19;21791
2020-11-18;"Prešovský kraj";270;391;32;423;NA;60067;302;2020-11-18;21203
2020-11-17;"Prešovský kraj";347;151;17;168;NA;60067;364;2020-11-17;20901
2020-11-16;"Prešovský kraj";226;382;51;433;NA;60067;277;2020-11-16;20537
2020-11-15;"Prešovský kraj";186;39;4;43;NA;60067;190;2020-11-15;20260
2020-11-14;"Prešovský kraj";261;54;4;58;NA;60067;265;2020-11-14;20070
2020-11-13;"Prešovský kraj";395;166;8;174;NA;60067;403;2020-11-13;19805
2020-11-12;"Prešovský kraj";397;229;50;249;NA;60067;447;2020-11-12;19402
2020-11-11;"Prešovský kraj";516;161;15;176;NA;60067;531;2020-11-11;18955
2020-11-10;"Prešovský kraj";437;197;9;206;NA;60067;446;2020-11-10;18424
2020-11-09;"Prešovský kraj";190;4106;945;5051;NA;60067;1135;2020-11-09;17978
2020-11-08;"Prešovský kraj";97;2817;32;2849;NA;60067;129;2020-11-08;16843
2020-11-07;"Prešovský kraj";416;8578;81;8659;NA;60067;497;2020-11-07;16714
2020-11-06;"Prešovský kraj";520;4791;76;4867;NA;60067;596;2020-11-06;16217
2020-11-05;"Prešovský kraj";397;180;5;185;NA;60067;402;2020-11-05;15621
2020-11-04;"Prešovský kraj";350;807;8;815;NA;60067;358;2020-11-04;15219
2020-11-03;"Prešovský kraj";565;98;12;110;NA;60067;577;2020-11-03;14861
2020-11-02;"Prešovský kraj";203;4158;1004;5162;NA;60067;1207;2020-11-02;14284
2020-11-01;"Prešovský kraj";386;2906;53;2959;NA;60067;439;2020-11-01;13077
2020-10-31;"Prešovský kraj";315;10497;170;10667;NA;60067;485;2020-10-31;12638
2020-10-30;"Prešovský kraj";552;2949;65;3014;NA;60067;617;2020-10-30;12153
2020-10-29;"Prešovský kraj";594;301;38;339;NA;60067;632;2020-10-29;11536
2020-10-28;"Prešovský kraj";617;291;46;337;NA;60067;663;2020-10-28;10904
2020-10-27;"Prešovský kraj";656;268;34;302;NA;60067;690;2020-10-27;10241
2020-10-26;"Prešovský kraj";137;363;57;420;NA;60067;194;2020-10-26;9551
2020-10-25;"Prešovský kraj";237;346;11;357;NA;60067;248;2020-10-25;9357
2020-10-24;"Prešovský kraj";719;200;12;212;NA;60067;731;2020-10-24;9109
2020-10-23;"Prešovský kraj";750;218;8;226;NA;60067;758;2020-10-23;8378
2020-10-22;"Prešovský kraj";646;396;30;426;NA;60067;676;2020-10-22;7620
2020-10-21;"Prešovský kraj";383;58;8;66;NA;60067;391;2020-10-21;6944
2020-10-20;"Prešovský kraj";493;65;7;72;NA;60067;500;2020-10-20;6553
2020-10-19;"Prešovský kraj";140;235;15;250;NA;60067;155;2020-10-19;6053
2020-10-18;"Prešovský kraj";209;0;0;0;NA;60067;209;2020-10-18;5898
2020-10-17;"Prešovský kraj";342;0;0;0;NA;60067;342;2020-10-17;5689
2020-10-16;"Prešovský kraj";388;57;3;60;NA;60067;391;2020-10-16;5347
2020-10-15;"Prešovský kraj";435;85;18;103;NA;60067;453;2020-10-15;4956
2020-10-14;"Prešovský kraj";451;54;10;64;NA;60067;461;2020-10-14;4503
2020-10-13;"Prešovský kraj";264;50;6;56;NA;60067;270;2020-10-13;4042
2020-10-12;"Prešovský kraj";214;334;35;369;NA;60067;249;2020-10-12;3772
2020-10-11;"Prešovský kraj";127;0;0;0;NA;60067;127;2020-10-11;3523
2020-10-10;"Prešovský kraj";248;0;0;0;NA;60067;248;2020-10-10;3396
2020-10-09;"Prešovský kraj";406;0;0;0;NA;60067;406;2020-10-09;3148
2020-10-08;"Prešovský kraj";245;0;0;0;NA;60067;245;2020-10-08;2742
2020-10-07;"Prešovský kraj";244;0;0;0;NA;60067;244;2020-10-07;2497
2020-10-06;"Prešovský kraj";166;0;0;0;NA;60067;166;2020-10-06;2253
2020-10-05;"Prešovský kraj";84;0;0;0;NA;60067;84;2020-10-05;2087
2020-10-04;"Prešovský kraj";118;0;0;0;NA;60067;118;2020-10-04;2003
2020-10-03;"Prešovský kraj";204;0;0;0;NA;60067;204;2020-10-03;1885
2020-10-02;"Prešovský kraj";149;0;0;0;NA;60067;149;2020-10-02;1681
2020-10-01;"Prešovský kraj";136;0;0;0;NA;60067;136;2020-10-01;1532
2020-09-30;"Prešovský kraj";121;0;0;0;NA;60067;121;2020-09-30;1396
2020-09-29;"Prešovský kraj";156;0;0;0;NA;60067;156;2020-09-29;1275
2020-09-28;"Prešovský kraj";51;0;0;0;NA;60067;51;2020-09-28;1119
2020-09-27;"Prešovský kraj";10;0;0;0;NA;60067;10;2020-09-27;1068
2020-09-26;"Prešovský kraj";72;0;0;0;NA;60067;72;2020-09-26;1058
2020-09-25;"Prešovský kraj";91;0;0;0;NA;60067;91;2020-09-25;986
2020-09-24;"Prešovský kraj";52;0;0;0;NA;60067;52;2020-09-24;895
2020-09-23;"Prešovský kraj";55;0;0;0;NA;60067;55;2020-09-23;843
2020-09-22;"Prešovský kraj";29;0;0;0;NA;60067;29;2020-09-22;788
2020-09-21;"Prešovský kraj";14;0;0;0;NA;60067;14;2020-09-21;759
2020-09-20;"Prešovský kraj";5;0;0;0;NA;60067;5;2020-09-20;745
2020-09-19;"Prešovský kraj";12;0;0;0;NA;60067;12;2020-09-19;740
2020-09-18;"Prešovský kraj";29;0;0;0;NA;60067;29;2020-09-18;728
2020-09-17;"Prešovský kraj";25;0;0;0;NA;60067;25;2020-09-17;699
2020-09-16;"Prešovský kraj";8;0;0;0;NA;60067;8;2020-09-16;674
2020-09-15;"Prešovský kraj";10;0;0;0;NA;60067;10;2020-09-15;666
2020-09-14;"Prešovský kraj";47;0;0;0;NA;60067;47;2020-09-14;656
2020-09-13;"Prešovský kraj";3;0;0;0;NA;60067;3;2020-09-13;609
2020-09-12;"Prešovský kraj";4;0;0;0;NA;60067;4;2020-09-12;606
2020-09-11;"Prešovský kraj";15;0;0;0;NA;60067;15;2020-09-11;602
2020-09-10;"Prešovský kraj";10;0;0;0;NA;60067;10;2020-09-10;587
2020-09-09;"Prešovský kraj";21;0;0;0;NA;60067;21;2020-09-09;577
2020-09-08;"Prešovský kraj";23;0;0;0;NA;60067;23;2020-09-08;556
2020-09-07;"Prešovský kraj";5;0;0;0;NA;60067;5;2020-09-07;533
2020-09-06;"Prešovský kraj";3;0;0;0;NA;60067;3;2020-09-06;528
2020-09-05;"Prešovský kraj";7;0;0;0;NA;60067;7;2020-09-05;525
2020-09-04;"Prešovský kraj";24;0;0;0;NA;60067;24;2020-09-04;518
2020-09-03;"Prešovský kraj";8;0;0;0;NA;60067;8;2020-09-03;494
2021-01-20;"Trenčiansky kraj";181;7554;230;7784;32071;52130;411;2021-01-20;52130
2021-01-19;"Trenčiansky kraj";363;5378;247;5625;NA;52130;610;2021-01-19;51719
2021-01-18;"Trenčiansky kraj";72;4103;249;4352;NA;52130;321;2021-01-18;51109
2021-01-17;"Trenčiansky kraj";124;49;10;59;NA;52130;134;2021-01-17;50788
2021-01-16;"Trenčiansky kraj";39;1180;71;1251;NA;52130;110;2021-01-16;50654
2021-01-15;"Trenčiansky kraj";264;3369;198;3567;NA;52130;462;2021-01-15;50544
2021-01-14;"Trenčiansky kraj";275;2984;154;3138;NA;52130;429;2021-01-14;50082
2021-01-13;"Trenčiansky kraj";222;4175;237;4412;NA;52130;459;2021-01-13;49653
2021-01-12;"Trenčiansky kraj";508;4807;294;5101;NA;52130;802;2021-01-12;49194
2021-01-11;"Trenčiansky kraj";142;3599;288;3887;NA;52130;430;2021-01-11;48392
2021-01-10;"Trenčiansky kraj";89;4939;76;5015;NA;52130;165;2021-01-10;47962
2021-01-09;"Trenčiansky kraj";276;8474;143;8617;NA;52130;419;2021-01-09;47797
2021-01-08;"Trenčiansky kraj";489;6151;444;6595;NA;52130;933;2021-01-08;47378
2021-01-07;"Trenčiansky kraj";420;5990;558;6552;NA;52130;978;2021-01-07;46445
2021-01-06;"Trenčiansky kraj";221;1268;86;1354;NA;52130;307;2021-01-06;45467
2021-01-05;"Trenčiansky kraj";669;5808;803;6611;NA;52130;1472;2021-01-05;45160
2021-01-04;"Trenčiansky kraj";337;4308;615;4923;NA;52130;952;2021-01-04;43688
2021-01-03;"Trenčiansky kraj";38;60;13;73;NA;52130;51;2021-01-03;42736
2021-01-02;"Trenčiansky kraj";129;140;23;163;NA;52130;152;2021-01-02;42685
2021-01-01;"Trenčiansky kraj";329;588;41;629;NA;52130;370;2021-01-01;42533
2020-12-31;"Trenčiansky kraj";597;4848;548;5396;NA;52130;1145;2020-12-31;42163
2020-12-30;"Trenčiansky kraj";836;6373;712;7085;NA;52130;1548;2020-12-30;41018
2020-12-29;"Trenčiansky kraj";459;5981;1007;6988;NA;52130;1466;2020-12-29;39470
2020-12-28;"Trenčiansky kraj";258;3512;699;4211;NA;52130;957;2020-12-28;38004
2020-12-27;"Trenčiansky kraj";5;202;36;238;NA;52130;41;2020-12-27;37047
2020-12-26;"Trenčiansky kraj";174;74;10;84;NA;52130;184;2020-12-26;37006
2020-12-25;"Trenčiansky kraj";251;325;47;372;NA;52130;298;2020-12-25;36822
2020-12-24;"Trenčiansky kraj";552;2455;266;2721;NA;52130;818;2020-12-24;36524
2020-12-23;"Trenčiansky kraj";421;6161;622;6783;NA;52130;1043;2020-12-23;35706
2020-12-22;"Trenčiansky kraj";673;5560;690;6250;NA;52130;1363;2020-12-22;34663
2020-12-21;"Trenčiansky kraj";248;13521;988;14509;NA;52130;1236;2020-12-21;33300
2020-12-20;"Trenčiansky kraj";238;12480;291;12771;NA;52130;529;2020-12-20;32064
2020-12-19;"Trenčiansky kraj";341;1846;165;2011;NA;52130;506;2020-12-19;31535
2020-12-18;"Trenčiansky kraj";521;4331;531;4862;NA;52130;1052;2020-12-18;31029
2020-12-17;"Trenčiansky kraj";670;3790;526;4316;NA;52130;1196;2020-12-17;29977
2020-12-16;"Trenčiansky kraj";461;4320;612;4932;NA;52130;1073;2020-12-16;28781
2020-12-15;"Trenčiansky kraj";595;3344;632;3976;NA;52130;1227;2020-12-15;27708
2020-12-14;"Trenčiansky kraj";318;2481;573;3054;NA;52130;891;2020-12-14;26481
2020-12-13;"Trenčiansky kraj";77;24;4;28;NA;52130;81;2020-12-13;25590
2020-12-12;"Trenčiansky kraj";314;1214;141;1355;NA;52130;455;2020-12-12;25509
2020-12-11;"Trenčiansky kraj";750;3578;483;4061;NA;52130;1233;2020-12-11;25054
2020-12-10;"Trenčiansky kraj";271;3324;448;3772;NA;52130;719;2020-12-10;23821
2020-12-09;"Trenčiansky kraj";508;4209;524;4733;NA;52130;1032;2020-12-09;23102
2020-12-08;"Trenčiansky kraj";546;3833;565;4398;NA;52130;1111;2020-12-08;22070
2020-12-07;"Trenčiansky kraj";258;3655;435;4090;NA;52130;693;2020-12-07;20959
2020-12-06;"Trenčiansky kraj";114;179;10;189;NA;52130;124;2020-12-06;20266
2020-12-05;"Trenčiansky kraj";223;904;71;975;NA;52130;294;2020-12-05;20142
2020-12-04;"Trenčiansky kraj";253;2543;208;2750;NA;52130;461;2020-12-04;19848
2020-12-03;"Trenčiansky kraj";503;1606;197;1803;NA;52130;700;2020-12-03;19387
2020-12-02;"Trenčiansky kraj";418;1895;234;2129;NA;52130;652;2020-12-02;18687
2020-12-01;"Trenčiansky kraj";321;5652;352;6004;NA;52130;673;2020-12-01;18035
2020-11-30;"Trenčiansky kraj";167;8546;463;9009;NA;52130;630;2020-11-30;17362
2020-11-29;"Trenčiansky kraj";29;18;2;20;NA;52130;31;2020-11-29;16732
2020-11-28;"Trenčiansky kraj";202;1051;93;1144;NA;52130;295;2020-11-28;16701
2020-11-27;"Trenčiansky kraj";330;1584;171;1755;NA;52130;501;2020-11-27;16406
2020-11-26;"Trenčiansky kraj";395;1252;122;1374;NA;52130;517;2020-11-26;15905
2020-11-25;"Trenčiansky kraj";322;1444;160;1604;NA;52130;482;2020-11-25;15388
2020-11-24;"Trenčiansky kraj";348;2553;308;2861;NA;52130;656;2020-11-24;14906
2020-11-23;"Trenčiansky kraj";159;1186;122;1308;NA;52130;281;2020-11-23;14250
2020-11-22;"Trenčiansky kraj";26;11;1;12;NA;52130;27;2020-11-22;13969
2020-11-21;"Trenčiansky kraj";255;1323;62;1385;NA;52130;317;2020-11-21;13942
2020-11-20;"Trenčiansky kraj";316;861;93;954;NA;52130;409;2020-11-20;13625
2020-11-19;"Trenčiansky kraj";316;740;113;853;NA;52130;429;2020-11-19;13216
2020-11-18;"Trenčiansky kraj";233;379;66;444;NA;52130;299;2020-11-18;12787
2020-11-17;"Trenčiansky kraj";222;106;15;122;NA;52130;237;2020-11-17;12488
2020-11-16;"Trenčiansky kraj";245;236;45;281;NA;52130;290;2020-11-16;12251
2020-11-15;"Trenčiansky kraj";109;29;6;35;NA;52130;115;2020-11-15;11961
2020-11-14;"Trenčiansky kraj";190;74;11;85;NA;52130;201;2020-11-14;11846
2020-11-13;"Trenčiansky kraj";308;131;13;144;NA;52130;321;2020-11-13;11645
2020-11-12;"Trenčiansky kraj";324;124;5;129;NA;52130;329;2020-11-12;11324
2020-11-11;"Trenčiansky kraj";366;113;10;123;NA;52130;376;2020-11-11;10995
2020-11-10;"Trenčiansky kraj";277;106;6;112;NA;52130;283;2020-11-10;10619
2020-11-09;"Trenčiansky kraj";115;1407;48;1455;NA;52130;163;2020-11-09;10336
2020-11-08;"Trenčiansky kraj";81;1223;8;1231;NA;52130;89;2020-11-08;10173
2020-11-07;"Trenčiansky kraj";319;3662;59;3721;NA;52130;378;2020-11-07;10084
2020-11-06;"Trenčiansky kraj";383;6893;84;6977;NA;52130;467;2020-11-06;9706
2020-11-05;"Trenčiansky kraj";399;98;15;114;NA;52130;414;2020-11-05;9239
2020-11-04;"Trenčiansky kraj";370;91;9;100;NA;52130;379;2020-11-04;8825
2020-11-03;"Trenčiansky kraj";575;97;8;105;NA;52130;583;2020-11-03;8446
2020-11-02;"Trenčiansky kraj";197;1833;68;1901;NA;52130;265;2020-11-02;7863
2020-11-01;"Trenčiansky kraj";257;804;23;827;NA;52130;280;2020-11-01;7598
2020-10-31;"Trenčiansky kraj";332;4719;82;4801;NA;52130;414;2020-10-31;7318
2020-10-30;"Trenčiansky kraj";299;5283;102;5385;NA;52130;401;2020-10-30;6904
2020-10-29;"Trenčiansky kraj";496;764;68;795;NA;52130;564;2020-10-29;6503
2020-10-28;"Trenčiansky kraj";269;192;33;225;NA;52130;302;2020-10-28;5939
2020-10-27;"Trenčiansky kraj";473;127;27;154;NA;52130;500;2020-10-27;5637
2020-10-26;"Trenčiansky kraj";177;103;31;134;NA;52130;208;2020-10-26;5137
2020-10-25;"Trenčiansky kraj";138;9;5;14;NA;52130;143;2020-10-25;4929
2020-10-24;"Trenčiansky kraj";395;128;6;134;NA;52130;401;2020-10-24;4786
2020-10-23;"Trenčiansky kraj";301;154;8;162;NA;52130;309;2020-10-23;4385
2020-10-22;"Trenčiansky kraj";273;82;12;94;NA;52130;285;2020-10-22;4076
2020-10-21;"Trenčiansky kraj";183;53;9;62;NA;52130;192;2020-10-21;3791
2020-10-20;"Trenčiansky kraj";212;47;6;53;NA;52130;218;2020-10-20;3599
2020-10-19;"Trenčiansky kraj";41;83;25;108;NA;52130;66;2020-10-19;3381
2020-10-18;"Trenčiansky kraj";104;0;0;0;NA;52130;104;2020-10-18;3315
2020-10-17;"Trenčiansky kraj";157;0;0;0;NA;52130;157;2020-10-17;3211
2020-10-16;"Trenčiansky kraj";225;42;6;48;NA;52130;231;2020-10-16;3054
2020-10-15;"Trenčiansky kraj";255;39;4;43;NA;52130;259;2020-10-15;2823
2020-10-14;"Trenčiansky kraj";162;42;7;49;NA;52130;169;2020-10-14;2564
2020-10-13;"Trenčiansky kraj";124;105;12;117;NA;52130;136;2020-10-13;2395
2020-10-12;"Trenčiansky kraj";55;0;0;0;NA;52130;55;2020-10-12;2259
2020-10-11;"Trenčiansky kraj";73;0;0;0;NA;52130;73;2020-10-11;2204
2020-10-10;"Trenčiansky kraj";180;0;0;0;NA;52130;180;2020-10-10;2131
2020-10-09;"Trenčiansky kraj";198;0;0;0;NA;52130;198;2020-10-09;1951
2020-10-08;"Trenčiansky kraj";115;0;0;0;NA;52130;115;2020-10-08;1753
2020-10-07;"Trenčiansky kraj";75;0;0;0;NA;52130;75;2020-10-07;1638
2020-10-06;"Trenčiansky kraj";72;0;0;0;NA;52130;72;2020-10-06;1563
2020-10-05;"Trenčiansky kraj";32;0;0;0;NA;52130;32;2020-10-05;1491
2020-10-04;"Trenčiansky kraj";37;0;0;0;NA;52130;37;2020-10-04;1459
2020-10-03;"Trenčiansky kraj";79;0;0;0;NA;52130;79;2020-10-03;1422
2020-10-02;"Trenčiansky kraj";69;0;0;0;NA;52130;69;2020-10-02;1343
2020-10-01;"Trenčiansky kraj";58;0;0;0;NA;52130;58;2020-10-01;1274
2020-09-30;"Trenčiansky kraj";76;0;0;0;NA;52130;76;2020-09-30;1216
2020-09-29;"Trenčiansky kraj";43;0;0;0;NA;52130;43;2020-09-29;1140
2020-09-28;"Trenčiansky kraj";7;0;0;0;NA;52130;7;2020-09-28;1097
2020-09-27;"Trenčiansky kraj";12;0;0;0;NA;52130;12;2020-09-27;1090
2020-09-26;"Trenčiansky kraj";37;0;0;0;NA;52130;37;2020-09-26;1078
2020-09-25;"Trenčiansky kraj";72;0;0;0;NA;52130;72;2020-09-25;1041
2020-09-24;"Trenčiansky kraj";41;0;0;0;NA;52130;41;2020-09-24;969
2020-09-23;"Trenčiansky kraj";32;0;0;0;NA;52130;32;2020-09-23;928
2020-09-22;"Trenčiansky kraj";26;0;0;0;NA;52130;26;2020-09-22;896
2020-09-21;"Trenčiansky kraj";23;0;0;0;NA;52130;23;2020-09-21;870
2020-09-20;"Trenčiansky kraj";21;0;0;0;NA;52130;21;2020-09-20;847
2020-09-19;"Trenčiansky kraj";20;0;0;0;NA;52130;20;2020-09-19;826
2020-09-18;"Trenčiansky kraj";41;0;0;0;NA;52130;41;2020-09-18;806
2020-09-17;"Trenčiansky kraj";20;0;0;0;NA;52130;20;2020-09-17;765
2020-09-16;"Trenčiansky kraj";14;0;0;0;NA;52130;14;2020-09-16;745
2020-09-15;"Trenčiansky kraj";8;0;0;0;NA;52130;8;2020-09-15;731
2020-09-14;"Trenčiansky kraj";5;0;0;0;NA;52130;5;2020-09-14;723
2020-09-13;"Trenčiansky kraj";12;0;0;0;NA;52130;12;2020-09-13;718
2020-09-12;"Trenčiansky kraj";2;0;0;0;NA;52130;2;2020-09-12;706
2020-09-11;"Trenčiansky kraj";27;0;0;0;NA;52130;27;2020-09-11;704
2020-09-10;"Trenčiansky kraj";15;0;0;0;NA;52130;15;2020-09-10;677
2020-09-09;"Trenčiansky kraj";11;0;0;0;NA;52130;11;2020-09-09;662
2020-09-08;"Trenčiansky kraj";12;0;0;0;NA;52130;12;2020-09-08;651
2020-09-07;"Trenčiansky kraj";6;0;0;0;NA;52130;6;2020-09-07;639
2020-09-06;"Trenčiansky kraj";1;0;0;0;NA;52130;1;2020-09-06;633
2020-09-05;"Trenčiansky kraj";3;0;0;0;NA;52130;3;2020-09-05;632
2020-09-04;"Trenčiansky kraj";9;0;0;0;NA;52130;9;2020-09-04;629
2020-09-03;"Trenčiansky kraj";10;0;0;0;NA;52130;10;2020-09-03;620
2021-01-20;"Trnavský kraj";503;7531;251;7782;25218;41175;754;2021-01-20;41175
2021-01-19;"Trnavský kraj";415;6860;340;7200;NA;41175;755;2021-01-19;40421
2021-01-18;"Trnavský kraj";247;5857;467;6324;NA;41175;714;2021-01-18;39666
2021-01-17;"Trnavský kraj";128;854;215;1069;NA;41175;343;2021-01-17;38952
2021-01-16;"Trnavský kraj";103;599;19;618;NA;41175;122;2021-01-16;38609
2021-01-15;"Trnavský kraj";278;5468;336;5804;NA;41175;614;2021-01-15;38487
2021-01-14;"Trnavský kraj";452;4415;389;4804;NA;41175;841;2021-01-14;37873
2021-01-13;"Trnavský kraj";457;4562;365;4927;NA;41175;822;2021-01-13;37032
2021-01-12;"Trnavský kraj";469;7177;483;7660;NA;41175;952;2021-01-12;36210
2021-01-11;"Trnavský kraj";370;4911;376;5287;NA;41175;746;2021-01-11;35258
2021-01-10;"Trnavský kraj";71;8;0;8;NA;41175;71;2021-01-10;34512
2021-01-09;"Trnavský kraj";417;2310;123;2433;NA;41175;540;2021-01-09;34441
2021-01-08;"Trnavský kraj";381;5729;479;6208;NA;41175;860;2021-01-08;33901
2021-01-07;"Trnavský kraj";501;3595;336;3931;NA;41175;837;2021-01-07;33041
2021-01-06;"Trnavský kraj";179;758;132;890;NA;41175;311;2021-01-06;32204
2021-01-05;"Trnavský kraj";611;6132;705;6837;NA;41175;1316;2021-01-05;31893
2021-01-04;"Trnavský kraj";302;5235;689;5924;NA;41175;991;2021-01-04;30577
2021-01-03;"Trnavský kraj";60;51;7;58;NA;41175;67;2021-01-03;29586
2021-01-02;"Trnavský kraj";282;412;30;442;NA;41175;312;2021-01-02;29519
2021-01-01;"Trnavský kraj";143;447;73;520;NA;41175;216;2021-01-01;29207
2020-12-31;"Trnavský kraj";498;8474;856;9330;NA;41175;1354;2020-12-31;28991
2020-12-30;"Trnavský kraj";785;4820;562;5382;NA;41175;1347;2020-12-30;27637
2020-12-29;"Trnavský kraj";322;5003;593;5596;NA;41175;915;2020-12-29;26290
2020-12-28;"Trnavský kraj";213;5335;615;5950;NA;41175;828;2020-12-28;25375
2020-12-27;"Trnavský kraj";27;13;4;17;NA;41175;31;2020-12-27;24547
2020-12-26;"Trnavský kraj";148;44;1;45;NA;41175;149;2020-12-26;24516
2020-12-25;"Trnavský kraj";65;49;5;54;NA;41175;70;2020-12-25;24367
2020-12-24;"Trnavský kraj";333;1359;117;1476;NA;41175;450;2020-12-24;24297
2020-12-23;"Trnavský kraj";210;6417;375;6793;NA;41175;585;2020-12-23;23847
2020-12-22;"Trnavský kraj";311;5590;491;6081;NA;41175;802;2020-12-22;23262
2020-12-21;"Trnavský kraj";328;5255;456;5711;NA;41175;784;2020-12-21;22460
2020-12-20;"Trnavský kraj";134;110;12;122;NA;41175;146;2020-12-20;21676
2020-12-19;"Trnavský kraj";201;1046;86;1132;NA;41175;287;2020-12-19;21530
2020-12-18;"Trnavský kraj";341;4898;378;5276;NA;41175;719;2020-12-18;21243
2020-12-17;"Trnavský kraj";375;4996;407;5403;NA;41175;782;2020-12-17;20524
2020-12-16;"Trnavský kraj";312;5249;405;5654;NA;41175;717;2020-12-16;19742
2020-12-15;"Trnavský kraj";492;6622;632;7254;NA;41175;1124;2020-12-15;19025
2020-12-14;"Trnavský kraj";161;3048;256;3304;NA;41175;417;2020-12-14;17901
2020-12-13;"Trnavský kraj";7;0;0;0;NA;41175;7;2020-12-13;17484
2020-12-12;"Trnavský kraj";254;1456;114;1570;NA;41175;368;2020-12-12;17477
2020-12-11;"Trnavský kraj";384;4683;262;4945;NA;41175;646;2020-12-11;17109
2020-12-10;"Trnavský kraj";183;5194;320;5514;NA;41175;503;2020-12-10;16463
2020-12-09;"Trnavský kraj";521;4272;320;4592;NA;41175;841;2020-12-09;15960
2020-12-08;"Trnavský kraj";281;4090;304;4394;NA;41175;585;2020-12-08;15119
2020-12-07;"Trnavský kraj";178;2895;199;3089;NA;41175;377;2020-12-07;14534
2020-12-06;"Trnavský kraj";46;0;0;0;NA;41175;46;2020-12-06;14157
2020-12-05;"Trnavský kraj";129;2218;41;2259;NA;41175;170;2020-12-05;14111
2020-12-04;"Trnavský kraj";242;3948;158;4106;NA;41175;400;2020-12-04;13941
2020-12-03;"Trnavský kraj";248;3018;201;3219;NA;41175;449;2020-12-03;13541
2020-12-02;"Trnavský kraj";284;4968;202;5170;NA;41175;486;2020-12-02;13092
2020-12-01;"Trnavský kraj";253;3642;235;3877;NA;41175;488;2020-12-01;12606
2020-11-30;"Trnavský kraj";200;7360;186;7546;NA;41175;386;2020-11-30;12118
2020-11-29;"Trnavský kraj";17;708;34;742;NA;41175;51;2020-11-29;11732
2020-11-28;"Trnavský kraj";83;1453;77;1530;NA;41175;160;2020-11-28;11681
2020-11-27;"Trnavský kraj";148;1591;83;1674;NA;41175;231;2020-11-27;11521
2020-11-26;"Trnavský kraj";234;985;59;1044;NA;41175;293;2020-11-26;11290
2020-11-25;"Trnavský kraj";232;1029;72;1101;NA;41175;304;2020-11-25;10997
2020-11-24;"Trnavský kraj";295;1772;91;1863;NA;41175;386;2020-11-24;10693
2020-11-23;"Trnavský kraj";242;7207;125;7332;NA;41175;367;2020-11-23;10307
2020-11-22;"Trnavský kraj";10;54;3;57;NA;41175;13;2020-11-22;9940
2020-11-21;"Trnavský kraj";129;1214;23;1237;NA;41175;152;2020-11-21;9927
2020-11-20;"Trnavský kraj";246;1027;61;1088;NA;41175;307;2020-11-20;9775
2020-11-19;"Trnavský kraj";157;694;58;752;NA;41175;215;2020-11-19;9468
2020-11-18;"Trnavský kraj";235;716;75;791;NA;41175;310;2020-11-18;9253
2020-11-17;"Trnavský kraj";129;695;72;767;NA;41175;201;2020-11-17;8943
2020-11-16;"Trnavský kraj";187;682;32;714;NA;41175;219;2020-11-16;8742
2020-11-15;"Trnavský kraj";23;73;4;77;NA;41175;27;2020-11-15;8523
2020-11-14;"Trnavský kraj";86;389;10;399;NA;41175;96;2020-11-14;8496
2020-11-13;"Trnavský kraj";219;1312;21;1333;NA;41175;240;2020-11-13;8400
2020-11-12;"Trnavský kraj";162;420;18;438;NA;41175;180;2020-11-12;8160
2020-11-11;"Trnavský kraj";257;392;15;407;NA;41175;272;2020-11-11;7980
2020-11-10;"Trnavský kraj";189;889;30;919;NA;41175;219;2020-11-10;7708
2020-11-09;"Trnavský kraj";196;369;23;392;NA;41175;219;2020-11-09;7489
2020-11-08;"Trnavský kraj";55;306;4;310;NA;41175;59;2020-11-08;7270
2020-11-07;"Trnavský kraj";207;6070;74;6144;NA;41175;281;2020-11-07;7211
2020-11-06;"Trnavský kraj";260;1531;19;1550;NA;41175;279;2020-11-06;6930
2020-11-05;"Trnavský kraj";150;220;27;247;NA;41175;177;2020-11-05;6651
2020-11-04;"Trnavský kraj";188;212;10;217;NA;41175;198;2020-11-04;6474
2020-11-03;"Trnavský kraj";317;127;8;135;NA;41175;325;2020-11-03;6276
2020-11-02;"Trnavský kraj";281;1728;31;1759;NA;41175;312;2020-11-02;5951
2020-11-01;"Trnavský kraj";87;494;27;521;NA;41175;114;2020-11-01;5639
2020-10-31;"Trnavský kraj";259;5024;41;5065;NA;41175;300;2020-10-31;5525
2020-10-30;"Trnavský kraj";198;3784;27;3812;NA;41175;225;2020-10-30;5225
2020-10-29;"Trnavský kraj";273;1461;16;1478;NA;41175;289;2020-10-29;5000
2020-10-28;"Trnavský kraj";319;117;16;133;NA;41175;335;2020-10-28;4711
2020-10-27;"Trnavský kraj";199;461;36;497;NA;41175;235;2020-10-27;4376
2020-10-26;"Trnavský kraj";153;29;2;31;NA;41175;155;2020-10-26;4141
2020-10-25;"Trnavský kraj";95;19;1;20;NA;41175;96;2020-10-25;3986
2020-10-24;"Trnavský kraj";158;109;2;111;NA;41175;160;2020-10-24;3890
2020-10-23;"Trnavský kraj";201;89;4;93;NA;41175;205;2020-10-23;3730
2020-10-22;"Trnavský kraj";195;55;2;55;NA;41175;197;2020-10-22;3525
2020-10-21;"Trnavský kraj";134;73;3;76;NA;41175;137;2020-10-21;3328
2020-10-20;"Trnavský kraj";202;82;3;85;NA;41175;205;2020-10-20;3191
2020-10-19;"Trnavský kraj";67;55;0;55;NA;41175;67;2020-10-19;2986
2020-10-18;"Trnavský kraj";84;0;0;0;NA;41175;84;2020-10-18;2919
2020-10-17;"Trnavský kraj";123;0;0;0;NA;41175;123;2020-10-17;2835
2020-10-16;"Trnavský kraj";86;45;2;47;NA;41175;88;2020-10-16;2712
2020-10-15;"Trnavský kraj";155;66;2;68;NA;41175;157;2020-10-15;2624
2020-10-14;"Trnavský kraj";236;468;3;471;NA;41175;239;2020-10-14;2467
2020-10-13;"Trnavský kraj";138;16;2;18;NA;41175;140;2020-10-13;2228
2020-10-12;"Trnavský kraj";33;41;1;42;NA;41175;34;2020-10-12;2088
2020-10-11;"Trnavský kraj";31;0;0;0;NA;41175;31;2020-10-11;2054
2020-10-10;"Trnavský kraj";128;0;0;0;NA;41175;128;2020-10-10;2023
2020-10-09;"Trnavský kraj";156;0;0;0;NA;41175;156;2020-10-09;1895
2020-10-08;"Trnavský kraj";153;0;0;0;NA;41175;153;2020-10-08;1739
2020-10-07;"Trnavský kraj";80;0;0;0;NA;41175;80;2020-10-07;1586
2020-10-06;"Trnavský kraj";112;0;0;0;NA;41175;112;2020-10-06;1506
2020-10-05;"Trnavský kraj";33;0;0;0;NA;41175;33;2020-10-05;1394
2020-10-04;"Trnavský kraj";44;0;0;0;NA;41175;44;2020-10-04;1361
2020-10-03;"Trnavský kraj";60;0;0;0;NA;41175;60;2020-10-03;1317
2020-10-02;"Trnavský kraj";41;0;0;0;NA;41175;41;2020-10-02;1257
2020-10-01;"Trnavský kraj";53;0;0;0;NA;41175;53;2020-10-01;1216
2020-09-30;"Trnavský kraj";91;0;0;0;NA;41175;91;2020-09-30;1163
2020-09-29;"Trnavský kraj";40;0;0;0;NA;41175;40;2020-09-29;1072
2020-09-28;"Trnavský kraj";69;0;0;0;NA;41175;69;2020-09-28;1032
2020-09-27;"Trnavský kraj";30;0;0;0;NA;41175;30;2020-09-27;963
2020-09-26;"Trnavský kraj";46;0;0;0;NA;41175;46;2020-09-26;933
2020-09-25;"Trnavský kraj";32;0;0;0;NA;41175;32;2020-09-25;887
2020-09-24;"Trnavský kraj";42;0;0;0;NA;41175;42;2020-09-24;855
2020-09-23;"Trnavský kraj";43;0;0;0;NA;41175;43;2020-09-23;813
2020-09-22;"Trnavský kraj";55;0;0;0;NA;41175;55;2020-09-22;770
2020-09-21;"Trnavský kraj";41;0;0;0;NA;41175;41;2020-09-21;715
2020-09-20;"Trnavský kraj";17;0;0;0;NA;41175;17;2020-09-20;674
2020-09-19;"Trnavský kraj";4;0;0;0;NA;41175;4;2020-09-19;657
2020-09-18;"Trnavský kraj";33;0;0;0;NA;41175;33;2020-09-18;653
2020-09-17;"Trnavský kraj";42;0;0;0;NA;41175;42;2020-09-17;620
2020-09-16;"Trnavský kraj";49;0;0;0;NA;41175;49;2020-09-16;578
2020-09-15;"Trnavský kraj";5;0;0;0;NA;41175;5;2020-09-15;529
2020-09-14;"Trnavský kraj";26;0;0;0;NA;41175;26;2020-09-14;524
2020-09-13;"Trnavský kraj";9;0;0;0;NA;41175;9;2020-09-13;498
2020-09-12;"Trnavský kraj";12;0;0;0;NA;41175;12;2020-09-12;489
2020-09-11;"Trnavský kraj";16;0;0;0;NA;41175;16;2020-09-11;477
2020-09-10;"Trnavský kraj";32;0;0;0;NA;41175;32;2020-09-10;461
2020-09-09;"Trnavský kraj";14;0;0;0;NA;41175;14;2020-09-09;429
2020-09-08;"Trnavský kraj";11;0;0;0;NA;41175;11;2020-09-08;415
2020-09-07;"Trnavský kraj";7;0;0;0;NA;41175;7;2020-09-07;404
2020-09-06;"Trnavský kraj";5;0;0;0;NA;41175;5;2020-09-06;397
2020-09-05;"Trnavský kraj";7;0;0;0;NA;41175;7;2020-09-05;392
2020-09-04;"Trnavský kraj";16;0;0;0;NA;41175;16;2020-09-04;385
2020-09-03;"Trnavský kraj";8;0;0;0;NA;41175;8;2020-09-03;369
2021-01-20;"Žilinský kraj";236;14983;160;15143;34840;55873;396;2021-01-20;55873
2021-01-19;"Žilinský kraj";245;16910;387;17297;NA;55873;632;2021-01-19;55477
2021-01-18;"Žilinský kraj";236;12707;440;13147;NA;55873;676;2021-01-18;54845
2021-01-17;"Žilinský kraj";95;113;2;115;NA;55873;97;2021-01-17;54169
2021-01-16;"Žilinský kraj";14;314;8;322;NA;55873;22;2021-01-16;54072
2021-01-15;"Žilinský kraj";248;7126;205;7331;NA;55873;453;2021-01-15;54050
2021-01-14;"Žilinský kraj";166;5650;249;5899;NA;55873;415;2021-01-14;53597
2021-01-13;"Žilinský kraj";247;11366;569;11935;NA;55873;816;2021-01-13;53182
2021-01-12;"Žilinský kraj";376;9042;437;9479;NA;55873;813;2021-01-12;52366
2021-01-11;"Žilinský kraj";351;10586;497;11083;NA;55873;848;2021-01-11;51553
2021-01-10;"Žilinský kraj";38;189;7;196;NA;55873;45;2021-01-10;50705
2021-01-09;"Žilinský kraj";192;2122;106;2228;NA;55873;298;2021-01-09;50660
2021-01-08;"Žilinský kraj";413;25201;1818;27019;NA;55873;2231;2021-01-08;50362
2021-01-07;"Žilinský kraj";438;8429;669;9098;NA;55873;1107;2021-01-07;48131
2021-01-06;"Žilinský kraj";145;1337;89;1426;NA;55873;234;2021-01-06;47024
2021-01-05;"Žilinský kraj";717;10844;884;11728;NA;55873;1601;2021-01-05;46790
2021-01-04;"Žilinský kraj";479;9458;990;10448;NA;55873;1469;2021-01-04;45189
2021-01-03;"Žilinský kraj";13;33;4;37;NA;55873;17;2021-01-03;43720
2021-01-02;"Žilinský kraj";98;792;67;859;NA;55873;165;2021-01-02;43703
2021-01-01;"Žilinský kraj";118;552;36;588;NA;55873;154;2021-01-01;43538
2020-12-31;"Žilinský kraj";395;10302;818;11120;NA;55873;1213;2020-12-31;43384
2020-12-30;"Žilinský kraj";1038;12169;901;13070;NA;55873;1939;2020-12-30;42171
2020-12-29;"Žilinský kraj";256;11104;1111;12216;NA;55873;1367;2020-12-29;40232
2020-12-28;"Žilinský kraj";406;10530;987;11517;NA;55873;1393;2020-12-28;38865
2020-12-27;"Žilinský kraj";40;662;80;742;NA;55873;120;2020-12-27;37472
2020-12-26;"Žilinský kraj";135;124;14;138;NA;55873;149;2020-12-26;37352
2020-12-25;"Žilinský kraj";66;111;10;121;NA;55873;76;2020-12-25;37203
2020-12-24;"Žilinský kraj";643;1018;75;1093;NA;55873;718;2020-12-24;37127
2020-12-23;"Žilinský kraj";228;17718;1049;18767;NA;55873;1277;2020-12-23;36409
2020-12-22;"Žilinský kraj";519;13188;1023;14212;NA;55873;1542;2020-12-22;35132
2020-12-21;"Žilinský kraj";444;12703;1107;13810;NA;55873;1551;2020-12-21;33590
2020-12-20;"Žilinský kraj";36;579;73;652;NA;55873;109;2020-12-20;32039
2020-12-19;"Žilinský kraj";208;2080;144;2224;NA;55873;352;2020-12-19;31930
2020-12-18;"Žilinský kraj";333;7027;402;7429;NA;55873;735;2020-12-18;31578
2020-12-17;"Žilinský kraj";500;4333;281;4614;NA;55873;781;2020-12-17;30843
2020-12-16;"Žilinský kraj";333;4365;305;4670;NA;55873;638;2020-12-16;30062
2020-12-15;"Žilinský kraj";528;4756;418;5174;NA;55873;946;2020-12-15;29424
2020-12-14;"Žilinský kraj";321;4688;419;5107;NA;55873;740;2020-12-14;28478
2020-12-13;"Žilinský kraj";26;515;64;579;NA;55873;90;2020-12-13;27738
2020-12-12;"Žilinský kraj";95;1061;53;1114;NA;55873;148;2020-12-12;27648
2020-12-11;"Žilinský kraj";455;5089;318;5407;NA;55873;773;2020-12-11;27500
2020-12-10;"Žilinský kraj";166;9279;977;10256;NA;55873;1143;2020-12-10;26727
2020-12-09;"Žilinský kraj";392;2570;164;2734;NA;55873;556;2020-12-09;25584
2020-12-08;"Žilinský kraj";331;3915;188;4105;NA;55873;519;2020-12-08;25028
2020-12-07;"Žilinský kraj";348;2274;121;2395;NA;55873;469;2020-12-07;24509
2020-12-06;"Žilinský kraj";15;134;4;138;NA;55873;19;2020-12-06;24040
2020-12-05;"Žilinský kraj";98;1237;45;1282;NA;55873;143;2020-12-05;24021
2020-12-04;"Žilinský kraj";228;2847;120;2967;NA;55873;348;2020-12-04;23878
2020-12-03;"Žilinský kraj";237;1412;119;1531;NA;55873;356;2020-12-03;23530
2020-12-02;"Žilinský kraj";181;1553;82;1635;NA;55873;263;2020-12-02;23174
2020-12-01;"Žilinský kraj";209;6529;309;6838;NA;55873;518;2020-12-01;22911
2020-11-30;"Žilinský kraj";202;5232;291;5523;NA;55873;493;2020-11-30;22393
2020-11-29;"Žilinský kraj";18;81;7;88;NA;55873;25;2020-11-29;21900
2020-11-28;"Žilinský kraj";99;349;15;364;NA;55873;114;2020-11-28;21875
2020-11-27;"Žilinský kraj";218;913;46;959;NA;55873;264;2020-11-27;21761
2020-11-26;"Žilinský kraj";189;1104;57;1161;NA;55873;246;2020-11-26;21497
2020-11-25;"Žilinský kraj";225;1217;49;1266;NA;55873;274;2020-11-25;21251
2020-11-24;"Žilinský kraj";213;2092;67;2159;NA;55873;280;2020-11-24;20977
2020-11-23;"Žilinský kraj";170;759;44;803;NA;55873;214;2020-11-23;20697
2020-11-22;"Žilinský kraj";11;0;0;0;NA;55873;11;2020-11-22;20483
2020-11-21;"Žilinský kraj";61;505;20;525;NA;55873;81;2020-11-21;20472
2020-11-20;"Žilinský kraj";251;1074;45;1119;NA;55873;296;2020-11-20;20391
2020-11-19;"Žilinský kraj";252;752;61;813;NA;55873;313;2020-11-19;20095
2020-11-18;"Žilinský kraj";346;348;15;363;NA;55873;361;2020-11-18;19782
2020-11-17;"Žilinský kraj";123;490;15;505;NA;55873;138;2020-11-17;19421
2020-11-16;"Žilinský kraj";227;206;13;219;NA;55873;240;2020-11-16;19283
2020-11-15;"Žilinský kraj";63;13;0;13;NA;55873;63;2020-11-15;19043
2020-11-14;"Žilinský kraj";189;1038;11;1049;NA;55873;200;2020-11-14;18980
2020-11-13;"Žilinský kraj";181;125;9;134;NA;55873;190;2020-11-13;18780
2020-11-12;"Žilinský kraj";334;79;2;81;NA;55873;336;2020-11-12;18590
2020-11-11;"Žilinský kraj";489;147;10;157;NA;55873;499;2020-11-11;18254
2020-11-10;"Žilinský kraj";374;519;9;528;NA;55873;383;2020-11-10;17755
2020-11-09;"Žilinský kraj";143;2335;30;2365;NA;55873;173;2020-11-09;17372
2020-11-08;"Žilinský kraj";59;2196;35;2231;NA;55873;94;2020-11-08;17199
2020-11-07;"Žilinský kraj";312;8175;88;8263;NA;55873;400;2020-11-07;17105
2020-11-06;"Žilinský kraj";503;4090;38;4128;NA;55873;541;2020-11-06;16705
2020-11-05;"Žilinský kraj";473;64;4;68;NA;55873;477;2020-11-05;16164
2020-11-04;"Žilinský kraj";423;168;10;178;NA;55873;433;2020-11-04;15687
2020-11-03;"Žilinský kraj";688;889;16;905;NA;55873;704;2020-11-03;15254
2020-11-02;"Žilinský kraj";472;1043;39;1082;NA;55873;511;2020-11-02;14550
2020-11-01;"Žilinský kraj";349;5096;130;5226;NA;55873;479;2020-11-01;14039
2020-10-31;"Žilinský kraj";662;7963;203;8166;NA;55873;865;2020-10-31;13560
2020-10-30;"Žilinský kraj";529;2575;61;2636;NA;55873;590;2020-10-30;12695
2020-10-29;"Žilinský kraj";740;503;17;520;NA;55873;757;2020-10-29;12105
2020-10-28;"Žilinský kraj";635;105;11;116;NA;55873;646;2020-10-28;11348
2020-10-27;"Žilinský kraj";355;154;24;178;NA;55873;379;2020-10-27;10702
2020-10-26;"Žilinský kraj";148;117;28;145;NA;55873;176;2020-10-26;10323
2020-10-25;"Žilinský kraj";436;0;0;0;NA;55873;436;2020-10-25;10147
2020-10-24;"Žilinský kraj";803;0;0;0;NA;55873;803;2020-10-24;9711
2020-10-23;"Žilinský kraj";659;102;13;115;NA;55873;672;2020-10-23;8908
2020-10-22;"Žilinský kraj";525;33;3;36;NA;55873;528;2020-10-22;8236
2020-10-21;"Žilinský kraj";478;74;14;88;NA;55873;492;2020-10-21;7708
2020-10-20;"Žilinský kraj";524;127;8;135;NA;55873;532;2020-10-20;7216
2020-10-19;"Žilinský kraj";70;80;12;92;NA;55873;82;2020-10-19;6684
2020-10-18;"Žilinský kraj";159;0;0;0;NA;55873;159;2020-10-18;6602
2020-10-17;"Žilinský kraj";509;0;0;0;NA;55873;509;2020-10-17;6443
2020-10-16;"Žilinský kraj";603;51;9;60;NA;55873;612;2020-10-16;5934
2020-10-15;"Žilinský kraj";679;61;3;64;NA;55873;682;2020-10-15;5322
2020-10-14;"Žilinský kraj";523;269;6;275;NA;55873;529;2020-10-14;4640
2020-10-13;"Žilinský kraj";367;458;40;498;NA;55873;407;2020-10-13;4111
2020-10-12;"Žilinský kraj";62;0;0;0;NA;55873;62;2020-10-12;3704
2020-10-11;"Žilinský kraj";50;0;0;0;NA;55873;50;2020-10-11;3642
2020-10-10;"Žilinský kraj";213;0;0;0;NA;55873;213;2020-10-10;3592
2020-10-09;"Žilinský kraj";543;0;0;0;NA;55873;543;2020-10-09;3379
2020-10-08;"Žilinský kraj";238;0;0;0;NA;55873;238;2020-10-08;2836
2020-10-07;"Žilinský kraj";168;0;0;0;NA;55873;168;2020-10-07;2598
2020-10-06;"Žilinský kraj";233;0;0;0;NA;55873;233;2020-10-06;2430
2020-10-05;"Žilinský kraj";33;0;0;0;NA;55873;33;2020-10-05;2197
2020-10-04;"Žilinský kraj";35;0;0;0;NA;55873;35;2020-10-04;2164
2020-10-03;"Žilinský kraj";155;0;0;0;NA;55873;155;2020-10-03;2129
2020-10-02;"Žilinský kraj";105;0;0;0;NA;55873;105;2020-10-02;1974
2020-10-01;"Žilinský kraj";147;0;0;0;NA;55873;147;2020-10-01;1869
2020-09-30;"Žilinský kraj";163;0;0;0;NA;55873;163;2020-09-30;1722
2020-09-29;"Žilinský kraj";105;0;0;0;NA;55873;105;2020-09-29;1559
2020-09-28;"Žilinský kraj";34;0;0;0;NA;55873;34;2020-09-28;1454
2020-09-27;"Žilinský kraj";108;0;0;0;NA;55873;108;2020-09-27;1420
2020-09-26;"Žilinský kraj";96;0;0;0;NA;55873;96;2020-09-26;1312
2020-09-25;"Žilinský kraj";69;0;0;0;NA;55873;69;2020-09-25;1216
2020-09-24;"Žilinský kraj";100;0;0;0;NA;55873;100;2020-09-24;1147
2020-09-23;"Žilinský kraj";65;0;0;0;NA;55873;65;2020-09-23;1047
2020-09-22;"Žilinský kraj";65;0;0;0;NA;55873;65;2020-09-22;982
2020-09-21;"Žilinský kraj";47;0;0;0;NA;55873;47;2020-09-21;917
2020-09-20;"Žilinský kraj";4;0;0;0;NA;55873;4;2020-09-20;870
2020-09-19;"Žilinský kraj";6;0;0;0;NA;55873;6;2020-09-19;866
2020-09-18;"Žilinský kraj";82;0;0;0;NA;55873;82;2020-09-18;860
2020-09-17;"Žilinský kraj";30;0;0;0;NA;55873;30;2020-09-17;778
2020-09-16;"Žilinský kraj";34;0;0;0;NA;55873;34;2020-09-16;748
2020-09-15;"Žilinský kraj";12;0;0;0;NA;55873;12;2020-09-15;714
2020-09-14;"Žilinský kraj";39;0;0;0;NA;55873;39;2020-09-14;702
2020-09-13;"Žilinský kraj";6;0;0;0;NA;55873;6;2020-09-13;663
2020-09-12;"Žilinský kraj";4;0;0;0;NA;55873;4;2020-09-12;657
2020-09-11;"Žilinský kraj";31;0;0;0;NA;55873;31;2020-09-11;653
2020-09-10;"Žilinský kraj";31;0;0;0;NA;55873;31;2020-09-10;622
2020-09-09;"Žilinský kraj";23;0;0;0;NA;55873;23;2020-09-09;591
2020-09-08;"Žilinský kraj";25;0;0;0;NA;55873;25;2020-09-08;568
2020-09-07;"Žilinský kraj";11;0;0;0;NA;55873;11;2020-09-07;543
2020-09-05;"Žilinský kraj";2;0;0;0;NA;55873;2;2020-09-05;532
2020-09-04;"Žilinský kraj";33;0;0;0;NA;55873;33;2020-09-04;530
2020-09-03;"Žilinský kraj";18;0;0;0;NA;55873;18;2020-09-03;497
